customer_id,age,visit_count,country,status,is_active,signup_at
69,20,33,NG,active,true,2023-06-06T11:20:00.000000
292,90,17,ES,pending,true,2023-07-19T19:14:00.000000
33,41,11,KE,active,true,2023-04-13T03:58:00.000000
131,82,36,IT,suspended,true,2023-08-20T00:49:00.000000
61,29,30,CA,inactive,true,2024-06-30T14:28:00.000000
254,41,27,GB,inactive,false,2024-03-29T04:55:00.000000
231,45,35,US,inactive,true,2023-05-17T14:41:00.000000
242,46,36,ES,inactive,true,2024-04-26T02:24:00.000000
195,40,35,GB,suspended,true,2024-05-09T10:22:00.000000
108,56,14,NG,inactive,true,2023-01-26T08:38:00.000000
49,30,8,JP,inactive,false,2023-12-16T11:13:00.000000
250,25,35,GB,inactive,true,2023-05-22T07:56:00.000000
15,58,37,ES,pending,true,2024-03-17T02:00:00.000000
200,36,7,NG,active,false,2024-06-05T17:40:00.000000
222,26,27,JP,pending,false,2023-03-19T08:34:00.000000
2,74,27,NG,active,true,2023-06-25T18:17:00.000000
229,37,23,JP,suspended,true,2024-07-15T05:27:00.000000
137,47,14,KE,suspended,true,2023-01-15T16:53:00.000000
118,23,28,NG,active,true,2024-01-10T05:03:00.000000
53,54,35,KE,active,true,2024-01-23T20:40:00.000000
163,62,25,IT,suspended,true,2024-05-21T17:10:00.000000
16,25,21,DE,inactive,true,2023-07-16T11:59:00.000000
12,93,36,IN,suspended,false,2023-01-09T16:58:00.000000
14,29,11,CA,pending,true,2023-02-27T11:04:00.000000
278,74,3,ES,active,true,2023-12-15T02:29:00.000000
5,43,3,IN,active,true,2023-01-28T07:35:00.000000
196,47,23,IN,active,false,2024-01-08T15:46:00.000000
111,41,39,FR,inactive,true,2023-10-18T19:57:00.000000
217,33,29,NG,inactive,false,2023-03-22T22:25:00.000000
15,25,10,DE,pending,true,2024-04-09T16:25:00.000000
271,43,29,DE,active,true,2023-11-10T08:55:00.000000
114,24,36,MX,pending,true,2023-10-23T15:02:00.000000
225,32,23,ES,inactive,true,2023-10-14T15:37:00.000000
254,29,22,IN,active,true,2024-03-01T13:14:00.000000
284,46,9,NG,active,true,2023-09-13T05:29:00.000000
120,54,29,GB,suspended,false,2024-09-05T21:51:00.000000
177,50,12,GB,inactive,false,2023-12-19T05:10:00.000000
119,85,34,CA,pending,false,2023-09-30T00:36:00.000000
113,72,30,GB,active,false,2024-04-30T00:41:00.000000
236,49,34,CA,active,false,2023-08-19T16:09:00.000000
149,22,18,FR,pending,true,2023-12-07T04:16:00.000000
12,50,38,IN,inactive,true,2024-07-10T08:21:00.000000
214,42,13,ES,inactive,true,2024-06-12T23:29:00.000000
285,59,8,JP,inactive,false,2024-04-21T12:30:00.000000
52,62,38,GB,pending,false,2023-07-07T08:37:00.000000
96,63,14,IT,suspended,false,2024-01-09T06:20:00.000000
152,76,18,IN,pending,true,2023-04-18T06:17:00.000000
62,66,6,FR,active,false,2024-07-26T02:35:00.000000
171,67,5,US,active,false,2024-08-02T02:55:00.000000
257,29,14,ES,pending,false,2024-09-13T19:53:00.000000
217,72,27,DE,inactive,true,2024-07-04T01:18:00.000000
260,49,32,ES,active,false,2024-02-13T20:08:00.000000
98,80,13,IT,pending,true,2023-04-28T20:21:00.000000
156,61,19,ES,pending,true,2023-03-27T13:26:00.000000
146,40,31,GB,inactive,true,2023-11-05T05:20:00.000000
256,95,3,US,active,true,2023-04-10T04:12:00.000000
259,32,24,FR,suspended,false,2024-06-19T10:17:00.000000
202,48,13,GB,inactive,true,2024-05-22T04:53:00.000000
18,27,40,MX,pending,false,2023-02-20T21:02:00.000000
246,73,3,MX,pending,true,2023-05-26T14:25:00.000000
125,53,19,DE,suspended,true,2024-05-28T00:54:00.000000
207,86,19,IN,suspended,false,2023-10-17T04:19:00.000000
213,56,39,IN,suspended,true,2024-07-08T23:22:00.000000
89,60,13,JP,pending,false,2023-10-31T16:57:00.000000
188,65,27,NG,suspended,true,2024-05-21T02:06:00.000000
281,70,0,IN,active,true,2024-02-21T09:01:00.000000
192,76,29,FR,active,true,2023-07-26T09:27:00.000000
45,64,20,KE,active,false,2024-01-03T13:45:00.000000
225,63,26,KE,inactive,true,2024-04-30T01:25:00.000000
261,58,15,IT,pending,false,2023-11-16T12:15:00.000000
56,68,6,ES,inactive,true,2023-02-06T13:20:00.000000
84,78,10,IN,active,false,2023-08-23T10:45:00.000000
267,83,32,FR,active,false,2023-05-12T12:56:00.000000
202,20,3,DE,pending,true,2024-02-19T07:04:00.000000
190,65,24,JP,inactive,false,2023-05-25T09:52:00.000000
251,34,10,DE,suspended,false,2024-03-04T10:02:00.000000
16,56,1,FR,suspended,false,2023-09-02T11:25:00.000000
241,39,32,GB,active,false,2023-10-01T14:38:00.000000
23,56,31,IT,active,false,2023-07-18T22:49:00.000000
158,90,31,ES,suspended,true,2023-12-01T21:14:00.000000
297,34,23,JP,pending,false,2024-03-12T04:38:00.000000
202,88,35,DE,pending,true,2024-07-29T17:19:00.000000
88,37,27,US,active,false,2023-04-20T07:06:00.000000
87,39,1,KE,active,true,2024-01-29T21:33:00.000000
258,76,38,GB,pending,true,2023-10-17T08:26:00.000000
117,37,27,IN,inactive,false,2023-06-27T10:07:00.000000
7,35,24,CA,pending,true,2023-04-21T19:07:00.000000
103,38,15,IN,suspended,false,2024-06-24T03:55:00.000000
277,28,33,IN,suspended,true,2024-05-29T13:39:00.000000
281,50,0,MX,inactive,true,2024-06-29T21:08:00.000000
119,48,35,GB,inactive,false,2024-09-07T08:17:00.000000
208,63,40,DE,suspended,true,2023-09-06T10:14:00.000000
264,58,2,MX,suspended,false,2024-02-27T13:53:00.000000
177,39,12,JP,inactive,false,2024-06-04T00:16:00.000000
296,53,20,NG,active,false,2023-05-28T22:19:00.000000
181,78,2,IT,inactive,false,2023-06-27T19:54:00.000000
236,57,8,ES,inactive,true,2024-09-03T00:15:00.000000
138,27,28,FR,inactive,false,2023-10-03T17:48:00.000000
281,72,11,US,active,false,2024-05-19T22:47:00.000000
3,37,28,ES,active,true,2023-01-03T06:23:00.000000
197,88,9,DE,active,true,2023-12-14T08:22:00.000000
263,63,9,MX,inactive,false,2024-05-15T21:05:00.000000
67,75,16,DE,suspended,false,2024-08-30T22:10:00.000000
266,31,32,CA,pending,false,2024-04-30T06:26:00.000000
288,37,24,GB,active,false,2023-07-30T08:25:00.000000
106,58,5,ES,suspended,true,2023-04-10T03:29:00.000000
219,26,32,GB,pending,true,2024-06-20T13:01:00.000000
29,41,7,ES,suspended,true,2024-07-08T21:12:00.000000
247,79,4,KE,inactive,true,2024-05-12T15:11:00.000000
187,86,24,NG,suspended,true,2024-02-18T08:27:00.000000
292,22,30,NG,active,true,2023-06-06T15:36:00.000000
284,23,23,CA,active,true,2023-09-05T21:23:00.000000
103,42,13,IN,inactive,true,2023-09-05T17:12:00.000000
259,63,2,IN,inactive,false,2023-07-08T03:45:00.000000
212,64,33,IT,inactive,true,2024-06-19T19:42:00.000000
249,82,26,GB,active,true,2023-02-05T12:58:00.000000
183,63,14,CA,inactive,false,2023-01-20T04:03:00.000000
213,82,30,MX,suspended,false,2024-01-01T00:54:00.000000
178,65,12,ES,suspended,false,2023-02-23T22:12:00.000000
1,61,10,CA,suspended,false,2023-06-25T03:35:00.000000
276,33,15,ES,pending,false,2023-10-23T19:30:00.000000
277,41,12,NG,inactive,false,2024-02-24T13:40:00.000000
170,66,33,KE,inactive,true,2024-06-08T06:54:00.000000
235,22,21,JP,suspended,false,2023-05-15T21:02:00.000000
15,52,19,GB,active,false,2024-01-12T01:55:00.000000
118,44,30,IT,suspended,false,2024-03-08T07:38:00.000000
91,25,39,IT,pending,true,2024-02-14T08:00:00.000000
282,49,36,NG,pending,false,2023-01-27T13:08:00.000000
300,56,32,CA,active,true,2024-08-21T00:53:00.000000
93,59,15,MX,suspended,false,2024-01-20T15:39:00.000000
47,90,13,US,active,false,2023-05-25T13:37:00.000000
283,69,18,DE,inactive,false,2024-04-17T13:08:00.000000
131,49,7,US,pending,true,2023-06-29T01:48:00.000000
17,64,36,KE,pending,false,2023-06-24T15:48:00.000000
37,24,0,IT,pending,false,2024-01-05T07:36:00.000000
43,47,2,MX,active,false,2023-09-08T01:57:00.000000
9,55,39,IT,inactive,false,2023-11-13T07:04:00.000000
232,90,20,ES,inactive,false,2024-09-11T19:49:00.000000
8,18,5,GB,suspended,true,2023-08-24T13:42:00.000000
144,43,33,JP,pending,true,2023-02-09T07:48:00.000000
128,30,11,GB,pending,false,2024-05-17T13:42:00.000000
138,35,29,KE,suspended,true,2024-04-12T23:12:00.000000
57,46,34,US,suspended,false,2023-01-04T14:34:00.000000
95,65,5,DE,active,true,2024-08-20T03:51:00.000000
177,82,26,GB,active,false,2024-02-13T10:31:00.000000
149,52,8,IT,inactive,true,2024-04-12T04:41:00.000000
36,36,34,FR,pending,true,2024-03-20T01:35:00.000000
86,38,2,JP,active,true,2023-11-16T23:01:00.000000
82,47,8,MX,suspended,true,2023-09-04T17:25:00.000000
131,27,20,NG,pending,true,2024-06-11T08:03:00.000000
271,57,22,IT,inactive,true,2023-08-29T13:10:00.000000
87,91,28,NG,active,false,2023-04-28T10:00:00.000000
140,83,12,JP,pending,false,2024-06-22T09:24:00.000000
151,83,25,NG,active,false,2023-06-14T20:46:00.000000
233,87,29,ES,pending,false,2024-08-14T19:34:00.000000
165,94,5,US,inactive,true,2023-12-30T08:48:00.000000
255,87,25,MX,suspended,false,2023-01-05T09:39:00.000000
243,73,23,GB,pending,true,2023-10-13T20:22:00.000000
59,74,0,US,active,true,2023-02-02T09:13:00.000000
13,92,18,FR,pending,false,2023-07-26T06:48:00.000000
160,83,13,ES,active,true,2024-02-07T04:06:00.000000
198,78,37,JP,suspended,true,2023-11-12T20:26:00.000000
176,41,22,CA,suspended,true,2023-01-11T04:32:00.000000
216,83,23,MX,inactive,true,2023-07-28T23:55:00.000000
97,63,40,IN,inactive,false,2023-04-16T19:30:00.000000
133,43,0,US,active,true,2024-06-09T17:49:00.000000
56,73,6,ES,active,false,2023-04-07T17:39:00.000000
130,27,28,FR,inactive,false,2024-04-01T08:47:00.000000
262,53,25,NG,inactive,false,2023-10-21T11:24:00.000000
108,44,19,MX,pending,true,2023-01-02T01:09:00.000000
222,47,11,FR,active,true,2023-11-08T21:18:00.000000
11,36,19,MX,suspended,false,2023-12-20T02:20:00.000000
116,35,14,MX,suspended,false,2024-03-29T15:24:00.000000
10,44,21,FR,suspended,true,2024-05-17T02:31:00.000000
204,20,21,NG,pending,false,2023-04-13T09:41:00.000000
75,38,13,GB,suspended,false,2023-05-28T03:56:00.000000
19,80,2,IN,suspended,false,2024-06-06T16:16:00.000000
83,64,3,FR,pending,false,2023-03-28T13:31:00.000000
229,41,1,IT,pending,true,2023-08-18T01:34:00.000000
260,24,11,KE,inactive,false,2024-04-06T12:12:00.000000
219,64,38,GB,inactive,true,2023-12-25T18:00:00.000000
279,28,29,NG,pending,false,2023-11-15T13:06:00.000000
113,48,20,GB,active,false,2024-07-06T21:14:00.000000
265,45,2,JP,suspended,true,2023-02-21T04:14:00.000000
231,29,17,US,pending,true,2023-08-18T13:12:00.000000
115,74,37,GB,suspended,true,2023-09-15T10:45:00.000000
269,43,33,KE,inactive,true,2023-06-01T14:27:00.000000
16,95,17,ES,active,false,2024-09-01T04:07:00.000000
203,61,4,DE,active,false,2023-02-26T20:15:00.000000
295,39,40,DE,suspended,false,2023-06-07T22:33:00.000000
165,91,15,IN,active,true,2024-03-30T22:21:00.000000
219,20,0,ES,suspended,true,2023-11-01T18:22:00.000000
31,45,8,US,inactive,false,2024-08-11T11:18:00.000000
153,58,26,IN,inactive,false,2023-03-30T21:29:00.000000
65,79,22,ES,inactive,false,2024-08-11T18:42:00.000000
109,88,17,CA,active,false,2024-02-20T19:06:00.000000
25,22,31,MX,suspended,false,2024-09-12T23:11:00.000000
157,24,2,IT,inactive,true,2023-10-26T13:20:00.000000
37,64,24,MX,suspended,false,2024-02-07T07:14:00.000000
40,81,7,DE,pending,true,2023-04-08T07:56:00.000000
159,89,19,FR,suspended,true,2024-01-02T11:04:00.000000
153,62,26,MX,inactive,true,2023-10-08T11:53:00.000000
82,35,15,US,suspended,false,2023-11-03T01:53:00.000000
214,80,14,JP,pending,true,2023-11-10T14:50:00.000000
290,26,33,IT,inactive,false,2023-11-30T05:43:00.000000
130,83,37,IT,pending,false,2023-12-16T08:29:00.000000
67,58,27,DE,active,false,2024-03-30T09:51:00.000000
5,90,36,DE,pending,false,2023-06-25T18:29:00.000000
288,57,16,DE,pending,false,2024-03-23T22:55:00.000000
20,95,0,KE,pending,false,2023-11-08T20:44:00.000000
112,58,0,NG,inactive,false,2024-02-20T11:35:00.000000
292,91,9,JP,inactive,false,2023-06-30T00:47:00.000000
236,29,30,NG,suspended,true,2024-08-23T14:12:00.000000
88,79,9,GB,active,false,2024-05-04T09:15:00.000000
261,61,22,NG,pending,false,2023-02-18T08:27:00.000000
20,71,4,MX,active,false,2023-01-19T16:16:00.000000
194,27,38,GB,active,false,2023-08-22T06:14:00.000000
103,51,15,ES,active,true,2023-09-11T10:21:00.000000
178,26,35,IN,active,true,2023-06-15T10:21:00.000000
51,59,35,CA,suspended,true,2023-07-18T16:00:00.000000
106,20,9,GB,inactive,true,2024-04-06T14:27:00.000000
294,41,8,FR,suspended,false,2023-10-31T06:17:00.000000
222,59,25,FR,suspended,true,2024-08-31T14:41:00.000000
100,46,8,NG,suspended,false,2023-08-17T19:58:00.000000
253,58,39,IT,inactive,true,2024-04-30T06:40:00.000000
54,51,21,DE,active,true,2023-05-02T19:40:00.000000
200,50,12,IN,suspended,false,2023-09-08T14:55:00.000000
152,57,8,IT,inactive,true,2023-06-21T06:32:00.000000
259,80,8,US,active,true,2023-05-21T14:23:00.000000
256,71,38,IT,pending,false,2024-03-08T07:07:00.000000
9,19,7,JP,suspended,true,2024-05-23T15:30:00.000000
167,55,8,IT,active,true,2023-04-02T12:49:00.000000
206,38,2,MX,inactive,false,2023-12-25T04:39:00.000000
145,55,38,US,inactive,true,2023-04-25T00:02:00.000000
10,24,17,ES,inactive,true,2023-05-05T01:08:00.000000
81,32,17,ES,inactive,false,2023-04-14T13:45:00.000000
103,73,22,MX,inactive,false,2024-05-12T09:05:00.000000
168,73,0,FR,inactive,true,2023-06-12T20:32:00.000000
289,45,9,NG,active,true,2024-01-25T05:06:00.000000
70,53,0,JP,suspended,true,2024-09-11T23:02:00.000000
174,63,4,ES,active,true,2023-01-29T00:46:00.000000
220,90,29,GB,suspended,false,2024-07-02T03:11:00.000000
110,81,27,KE,pending,true,2023-10-05T08:29:00.000000
137,91,25,IN,pending,false,2023-10-01T00:13:00.000000
50,54,19,ES,pending,false,2023-09-04T03:03:00.000000
195,95,8,JP,inactive,true,2023-12-16T06:00:00.000000
281,50,25,JP,pending,false,2024-07-28T14:30:00.000000
177,40,27,US,pending,false,2024-02-08T06:43:00.000000
274,59,23,GB,pending,false,2023-09-27T18:24:00.000000
249,36,28,IN,active,true,2023-09-18T19:35:00.000000
273,63,22,IT,pending,false,2024-06-13T11:06:00.000000
121,30,18,DE,suspended,false,2024-08-05T23:03:00.000000
34,68,30,DE,inactive,true,2024-06-24T02:15:00.000000
21,63,11,IT,active,false,2023-06-15T11:56:00.000000
44,84,17,FR,active,false,2023-12-09T08:49:00.000000
69,90,0,CA,active,false,2023-10-27T17:08:00.000000
87,42,19,US,suspended,true,2023-12-04T10:55:00.000000
86,68,14,NG,active,false,2023-06-23T09:24:00.000000
276,75,3,DE,inactive,false,2024-01-11T15:22:00.000000
110,37,31,MX,suspended,false,2023-03-15T08:09:00.000000
138,79,3,MX,suspended,false,2024-05-07T04:06:00.000000
171,49,0,US,active,true,2023-04-16T22:11:00.000000
260,22,5,DE,pending,false,2023-05-25T11:34:00.000000
131,49,38,IT,suspended,true,2023-04-21T01:36:00.000000
189,28,29,GB,active,true,2024-03-16T05:49:00.000000
174,27,0,KE,suspended,true,2024-02-28T15:06:00.000000
175,22,40,IN,inactive,true,2023-06-14T10:16:00.000000
59,84,15,JP,active,false,2023-04-03T08:17:00.000000
150,82,8,US,active,false,2023-09-03T20:56:00.000000
121,78,25,US,pending,false,2023-10-26T22:29:00.000000
251,90,39,US,suspended,false,2023-11-27T06:15:00.000000
70,79,24,IT,active,false,2024-04-01T19:51:00.000000
297,59,14,IT,pending,false,2023-11-22T05:06:00.000000
283,84,37,IT,pending,true,2023-12-07T21:32:00.000000
54,39,39,ES,suspended,false,2023-03-16T02:32:00.000000
165,90,17,GB,active,true,2024-04-24T23:55:00.000000
21,81,11,ES,pending,true,2023-05-18T00:00:00.000000
209,68,13,MX,inactive,false,2023-01-03T09:26:00.000000
38,19,10,CA,inactive,true,2023-11-29T18:07:00.000000
195,67,5,GB,active,true,2024-07-15T02:54:00.000000
76,88,21,FR,inactive,false,2023-10-21T08:10:00.000000
65,89,22,FR,suspended,true,2023-12-30T09:33:00.000000
175,75,5,GB,active,false,2023-05-28T02:24:00.000000
59,39,7,US,suspended,true,2024-02-17T09:35:00.000000
194,93,35,CA,active,true,2024-03-15T00:15:00.000000
40,93,14,GB,active,false,2024-08-27T11:49:00.000000
293,65,13,ES,inactive,false,2023-11-25T21:59:00.000000
282,24,21,IN,suspended,false,2024-04-02T12:41:00.000000
115,65,35,FR,active,true,2023-02-24T07:30:00.000000
290,63,34,IT,active,false,2024-02-21T05:26:00.000000
42,74,28,FR,active,true,2023-05-05T10:56:00.000000
137,48,5,FR,inactive,false,2023-12-05T00:28:00.000000
187,87,27,CA,inactive,false,2023-08-06T23:47:00.000000
152,56,36,IN,active,true,2023-02-06T18:12:00.000000
289,29,22,IT,active,false,2023-10-03T01:11:00.000000
274,74,10,MX,inactive,true,2024-07-01T19:17:00.000000
59,63,11,FR,suspended,false,2024-03-14T21:25:00.000000
235,42,39,DE,active,false,2024-05-16T22:26:00.000000
142,38,6,FR,suspended,false,2023-07-25T17:06:00.000000
56,35,22,KE,pending,true,2023-05-06T16:29:00.000000
24,74,11,NG,pending,false,2023-05-05T08:34:00.000000
152,23,31,DE,inactive,false,2023-11-16T23:02:00.000000
7,64,39,US,inactive,false,2023-08-11T06:39:00.000000
8,90,5,FR,inactive,false,2024-05-13T16:24:00.000000
47,61,29,GB,active,false,2023-08-10T07:59:00.000000
212,40,27,FR,inactive,false,2023-01-14T16:05:00.000000
59,90,13,IT,inactive,true,2023-12-16T04:09:00.000000
21,80,4,NG,pending,true,2023-12-12T06:24:00.000000
97,79,4,JP,active,true,2023-08-02T20:48:00.000000
123,19,40,NG,active,false,2023-09-20T12:15:00.000000
216,91,16,GB,inactive,false,2024-01-25T20:27:00.000000
83,47,21,US,inactive,true,2023-12-18T20:43:00.000000
60,25,25,DE,active,true,2023-08-19T08:31:00.000000
231,74,23,IT,suspended,true,2023-03-09T22:01:00.000000
86,38,37,CA,pending,false,2023-02-28T09:02:00.000000
124,83,20,CA,pending,false,2023-12-17T22:05:00.000000
82,44,27,ES,inactive,false,2024-08-17T09:56:00.000000
53,69,33,DE,inactive,true,2024-02-13T08:16:00.000000
223,77,39,FR,inactive,true,2023-05-08T00:45:00.000000
194,33,38,US,inactive,true,2023-11-30T01:37:00.000000
278,58,4,MX,suspended,true,2024-04-26T17:33:00.000000
151,51,12,JP,active,false,2023-11-07T01:16:00.000000
282,35,26,JP,pending,false,2023-05-20T13:15:00.000000
130,39,22,IN,inactive,false,2024-06-11T08:49:00.000000
245,60,33,NG,active,false,2024-08-23T05:10:00.000000
162,34,31,FR,active,false,2024-06-30T14:21:00.000000
52,41,22,DE,pending,true,2024-05-14T22:50:00.000000
107,85,7,DE,active,false,2023-08-28T11:36:00.000000
163,57,28,ES,suspended,false,2023-07-23T23:33:00.000000
21,47,21,MX,suspended,false,2024-06-08T17:18:00.000000
14,88,0,US,inactive,false,2024-05-17T22:15:00.000000
6,72,14,IT,active,false,2023-04-10T09:24:00.000000
152,77,19,DE,pending,true,2023-07-11T01:50:00.000000
164,76,26,MX,pending,false,2023-10-06T23:19:00.000000
231,83,8,KE,pending,true,2023-09-03T14:59:00.000000
201,88,12,GB,inactive,true,2023-01-07T16:25:00.000000
161,57,17,IT,pending,false,2024-03-26T08:34:00.000000
205,39,32,MX,pending,true,2023-03-04T04:15:00.000000
33,84,39,KE,suspended,false,2023-11-19T01:24:00.000000
33,82,2,ES,pending,true,2024-01-29T03:30:00.000000
163,57,10,NG,suspended,false,2024-06-20T10:08:00.000000
234,93,37,ES,active,false,2024-06-04T13:05:00.000000
58,44,19,CA,active,false,2024-06-27T10:38:00.000000
129,54,3,FR,active,false,2023-11-19T17:26:00.000000
111,37,7,CA,active,false,2023-09-09T18:01:00.000000
278,18,17,KE,pending,true,2024-06-11T10:37:00.000000
241,61,40,IT,suspended,true,2024-07-05T04:30:00.000000
183,33,37,MX,suspended,true,2023-12-19T23:38:00.000000
133,72,7,KE,pending,false,2023-07-27T11:41:00.000000
94,66,11,ES,pending,false,2023-10-11T09:00:00.000000
278,83,40,IT,active,true,2023-08-06T16:09:00.000000
107,40,35,IN,inactive,false,2023-03-25T05:39:00.000000
158,74,28,MX,suspended,true,2023-01-01T18:03:00.000000
102,75,36,JP,suspended,false,2024-05-22T10:53:00.000000
127,86,15,CA,inactive,true,2023-02-05T04:02:00.000000
185,74,29,US,pending,false,2023-01-17T04:32:00.000000
42,64,27,NG,suspended,true,2023-04-14T01:04:00.000000
144,44,3,JP,pending,true,2024-09-03T18:41:00.000000
46,24,9,NG,pending,false,2023-01-22T16:33:00.000000
230,28,31,IT,inactive,false,2023-07-10T14:42:00.000000
47,31,23,KE,active,true,2023-04-26T20:13:00.000000
295,30,32,KE,active,false,2023-01-30T19:38:00.000000
174,86,18,NG,active,true,2023-12-24T20:53:00.000000
117,67,24,MX,suspended,false,2024-07-04T03:19:00.000000
200,35,5,GB,active,false,2024-05-31T19:53:00.000000
158,74,36,US,suspended,true,2024-05-24T04:49:00.000000
22,68,27,NG,pending,false,2023-11-15T11:34:00.000000
168,41,8,FR,pending,true,2024-03-01T19:05:00.000000
96,78,32,ES,active,false,2023-10-27T19:34:00.000000
163,75,14,IN,pending,true,2024-09-02T02:22:00.000000
297,84,27,KE,suspended,true,2023-08-20T06:16:00.000000
156,93,31,IT,active,true,2023-10-16T19:00:00.000000
126,22,4,FR,inactive,true,2024-01-02T22:29:00.000000
172,93,37,KE,suspended,true,2023-06-07T17:07:00.000000
52,42,23,DE,active,true,2023-04-21T04:39:00.000000
279,93,34,NG,suspended,true,2024-03-12T13:22:00.000000
297,75,33,DE,pending,false,2024-02-27T04:55:00.000000
48,80,11,NG,active,true,2024-05-01T23:56:00.000000
126,67,3,DE,pending,false,2023-01-18T15:48:00.000000
113,55,13,KE,active,false,2023-11-02T18:50:00.000000
11,62,12,US,active,false,2024-04-07T10:11:00.000000
125,40,1,MX,inactive,true,2023-09-06T16:38:00.000000
206,94,22,ES,suspended,false,2024-01-04T06:35:00.000000
38,52,15,GB,inactive,true,2023-10-20T09:37:00.000000
138,41,15,IT,suspended,false,2024-05-03T08:46:00.000000
283,21,33,IN,pending,false,2024-04-21T01:43:00.000000
37,89,33,DE,active,false,2023-06-17T20:09:00.000000
39,25,26,IN,inactive,false,2023-06-21T21:58:00.000000
12,26,35,FR,active,false,2023-06-04T07:06:00.000000
6,88,26,JP,active,false,2023-04-07T14:48:00.000000
149,47,10,JP,suspended,true,2023-12-22T06:56:00.000000
184,75,15,GB,pending,true,2023-05-19T09:43:00.000000
253,58,0,CA,pending,false,2024-04-10T00:39:00.000000
241,74,14,KE,inactive,true,2024-02-16T22:34:00.000000
79,60,32,FR,pending,false,2023-09-03T13:06:00.000000
52,31,34,FR,inactive,false,2023-01-28T03:59:00.000000
257,67,3,NG,active,false,2023-05-14T03:34:00.000000
168,24,9,US,inactive,true,2023-02-28T09:25:00.000000
40,77,35,FR,active,false,2023-05-09T18:49:00.000000
261,53,5,IT,inactive,true,2024-04-28T02:11:00.000000
89,70,1,IT,pending,true,2023-01-04T16:19:00.000000
92,77,9,JP,suspended,false,2023-11-11T09:53:00.000000
77,60,34,MX,pending,true,2023-08-16T08:24:00.000000
73,82,17,CA,inactive,true,2024-05-20T01:40:00.000000
164,30,14,IN,inactive,true,2023-01-30T17:44:00.000000
157,39,23,KE,inactive,false,2024-05-01T20:46:00.000000
55,69,21,NG,suspended,false,2023-11-15T11:58:00.000000
264,87,8,NG,inactive,false,2024-03-21T07:09:00.000000
151,72,6,GB,inactive,true,2024-09-15T11:56:00.000000
65,79,16,US,inactive,true,2023-05-31T03:55:00.000000
106,82,26,KE,suspended,true,2023-05-23T01:50:00.000000
73,37,22,KE,inactive,true,2023-12-24T19:01:00.000000
280,58,38,NG,pending,true,2024-08-26T05:45:00.000000
17,36,2,DE,pending,false,2024-05-13T23:37:00.000000
162,62,35,FR,inactive,false,2023-01-19T08:09:00.000000
284,35,3,CA,pending,false,2024-01-09T02:41:00.000000
106,42,29,NG,pending,false,2024-03-09T21:45:00.000000
92,46,2,KE,inactive,false,2024-07-31T22:09:00.000000
154,45,40,GB,inactive,true,2024-01-12T02:46:00.000000
222,76,20,KE,inactive,true,2024-09-12T02:06:00.000000
276,37,19,IN,pending,true,2024-03-07T11:07:00.000000
81,31,19,MX,active,true,2024-05-26T12:22:00.000000
25,31,24,MX,inactive,true,2024-09-03T15:04:00.000000
127,72,19,IN,inactive,true,2023-08-12T16:13:00.000000
130,24,24,JP,active,true,2024-05-09T20:56:00.000000
33,76,30,ES,suspended,true,2024-07-07T09:53:00.000000
229,37,18,IN,active,true,2024-04-12T16:14:00.000000
221,65,7,KE,pending,true,2024-03-13T13:27:00.000000
282,89,37,DE,suspended,false,2023-06-17T13:20:00.000000
129,59,0,IN,inactive,false,2023-03-11T15:13:00.000000
278,53,6,JP,suspended,true,2024-08-03T09:16:00.000000
225,68,27,GB,inactive,true,2023-08-27T22:59:00.000000
276,19,4,KE,inactive,true,2023-01-07T05:42:00.000000
233,67,13,IT,pending,false,2024-09-08T05:27:00.000000
6,80,7,IN,inactive,false,2023-12-28T04:12:00.000000
203,75,40,MX,active,false,2023-11-04T02:24:00.000000
174,56,0,US,pending,false,2023-06-02T21:21:00.000000
88,56,15,GB,pending,true,2023-06-15T17:22:00.000000
133,92,30,US,pending,true,2023-12-07T18:54:00.000000
249,67,4,US,active,false,2023-04-27T17:51:00.000000
13,58,13,CA,pending,true,2024-07-15T16:57:00.000000
214,55,21,ES,inactive,false,2023-04-26T14:42:00.000000
293,40,13,DE,suspended,true,2023-04-16T16:51:00.000000
10,30,18,ES,active,false,2024-01-31T22:28:00.000000
32,80,18,GB,suspended,false,2023-04-28T16:46:00.000000
182,41,29,MX,suspended,false,2023-11-27T21:31:00.000000
297,75,29,US,active,false,2023-09-17T06:54:00.000000
71,37,35,ES,active,true,2024-09-02T03:33:00.000000
65,76,36,US,active,false,2023-03-12T05:32:00.000000
71,31,32,GB,active,true,2023-06-24T09:16:00.000000
133,86,13,US,active,false,2024-05-01T08:25:00.000000
142,33,29,ES,active,true,2023-07-31T08:03:00.000000
204,86,24,CA,inactive,false,2024-03-25T18:38:00.000000
289,58,5,DE,pending,true,2023-11-06T07:10:00.000000
206,58,1,DE,inactive,true,2023-11-10T03:52:00.000000
89,81,4,NG,suspended,false,2023-11-23T07:14:00.000000
46,89,19,KE,active,true,2024-05-02T12:29:00.000000
120,61,39,MX,active,false,2023-01-04T14:23:00.000000
249,92,28,ES,inactive,false,2023-10-23T15:17:00.000000
4,58,13,NG,pending,true,2023-04-17T11:15:00.000000
91,89,18,IN,inactive,false,2023-11-14T01:54:00.000000
271,93,26,CA,inactive,true,2024-01-19T11:15:00.000000
163,77,11,JP,inactive,false,2023-07-03T11:13:00.000000
257,59,38,DE,inactive,true,2023-10-10T21:21:00.000000
225,80,25,IT,pending,false,2024-03-23T07:27:00.000000
116,68,24,IN,inactive,true,2023-09-23T04:06:00.000000
123,86,29,US,inactive,true,2023-08-10T03:43:00.000000
161,45,14,IT,active,false,2024-06-15T14:35:00.000000
254,39,15,GB,pending,false,2023-11-09T04:38:00.000000
246,48,31,ES,inactive,false,2024-08-06T05:35:00.000000
116,86,0,NG,suspended,false,2023-12-17T23:57:00.000000
212,43,18,CA,suspended,true,2024-06-07T10:47:00.000000
173,94,17,ES,active,false,2024-03-14T15:20:00.000000
287,49,30,KE,suspended,true,2024-02-25T19:06:00.000000
141,24,31,KE,active,false,2024-04-12T20:45:00.000000
113,59,22,ES,active,true,2023-03-20T01:31:00.000000
25,25,7,US,suspended,false,2023-08-30T14:23:00.000000
37,60,37,DE,pending,false,2024-07-09T19:46:00.000000
262,71,7,NG,pending,false,2023-03-14T07:30:00.000000
189,21,13,FR,pending,false,2023-05-02T15:59:00.000000
82,62,28,GB,suspended,true,2023-04-23T11:33:00.000000
262,64,24,ES,inactive,true,2023-08-09T15:46:00.000000
105,64,13,IT,active,true,2024-08-16T06:57:00.000000
160,94,26,ES,active,true,2024-05-29T21:12:00.000000
153,94,3,DE,suspended,true,2024-04-28T00:19:00.000000
154,70,11,US,pending,false,2024-01-16T00:57:00.000000
283,44,24,US,inactive,true,2024-01-15T22:51:00.000000
191,54,27,ES,active,true,2024-06-03T20:29:00.000000
85,46,23,KE,suspended,false,2024-06-05T16:21:00.000000
238,58,33,ES,active,true,2023-05-12T02:27:00.000000
44,68,9,KE,suspended,true,2023-03-05T08:10:00.000000
64,67,4,MX,active,false,2024-07-06T08:51:00.000000
264,40,32,JP,inactive,true,2023-11-24T12:03:00.000000
293,19,10,MX,pending,true,2023-12-29T04:18:00.000000
194,67,2,DE,pending,true,2023-10-24T04:42:00.000000
91,62,37,GB,pending,false,2024-03-16T08:16:00.000000
80,95,13,MX,active,false,2024-08-22T22:34:00.000000
129,46,32,IT,suspended,true,2023-03-15T02:20:00.000000
219,47,34,ES,suspended,true,2024-01-12T12:34:00.000000
112,26,29,DE,active,true,2024-01-28T08:48:00.000000
292,58,19,US,inactive,true,2024-04-09T14:29:00.000000
27,67,19,DE,active,false,2023-12-14T12:53:00.000000
254,44,30,DE,suspended,false,2024-07-13T23:03:00.000000
202,55,8,DE,suspended,true,2023-10-08T06:51:00.000000
179,30,1,JP,active,false,2024-02-08T01:07:00.000000
197,73,28,CA,inactive,true,2023-10-01T05:50:00.000000
264,18,27,ES,active,true,2023-09-22T01:44:00.000000
85,62,37,MX,suspended,true,2023-08-14T12:26:00.000000
279,29,22,JP,active,true,2023-08-07T12:21:00.000000
21,70,27,IN,pending,true,2023-11-23T09:18:00.000000
269,37,23,US,active,true,2023-12-11T14:12:00.000000
47,32,13,MX,active,false,2024-07-08T16:57:00.000000
131,86,17,US,inactive,true,2024-06-19T00:42:00.000000
52,40,13,JP,suspended,false,2024-06-30T18:18:00.000000
137,61,29,FR,pending,false,2023-12-05T14:07:00.000000
43,36,36,FR,pending,true,2023-08-08T03:19:00.000000
72,66,30,DE,active,true,2023-07-11T06:33:00.000000
42,73,17,US,inactive,true,2023-12-13T11:36:00.000000
228,59,39,CA,suspended,false,2024-07-05T08:38:00.000000
124,87,26,MX,inactive,false,2023-06-28T21:18:00.000000
196,84,18,MX,suspended,true,2023-08-29T00:16:00.000000
222,53,17,GB,active,true,2023-06-09T06:11:00.000000
204,44,28,DE,inactive,false,2024-04-25T11:05:00.000000
85,42,4,GB,pending,true,2024-01-16T08:34:00.000000
167,38,7,MX,active,false,2024-01-27T03:10:00.000000
225,39,20,IT,active,false,2024-02-10T09:34:00.000000
65,86,28,GB,suspended,false,2023-11-08T12:35:00.000000
250,38,18,ES,active,false,2023-08-09T16:54:00.000000
109,36,33,DE,active,false,2024-08-20T00:12:00.000000
62,33,14,MX,suspended,true,2023-03-25T19:52:00.000000
221,74,32,FR,suspended,false,2024-02-04T13:30:00.000000
274,92,20,KE,inactive,false,2023-02-03T03:46:00.000000
210,84,15,MX,active,false,2023-08-28T09:05:00.000000
61,34,9,IT,suspended,true,2023-10-08T20:10:00.000000
152,73,10,US,pending,false,2024-05-01T12:19:00.000000
143,35,16,KE,inactive,true,2023-12-10T09:15:00.000000
128,60,15,MX,active,false,2023-03-18T21:24:00.000000
194,95,26,JP,active,true,2024-08-13T07:03:00.000000
287,58,1,IN,suspended,false,2023-02-23T07:48:00.000000
3,94,27,CA,active,false,2023-03-31T23:12:00.000000
98,35,25,US,inactive,true,2023-12-06T16:21:00.000000
271,20,14,JP,pending,true,2023-09-01T06:53:00.000000
225,63,8,MX,suspended,true,2023-07-27T13:23:00.000000
297,40,4,ES,inactive,false,2023-10-08T17:30:00.000000
11,46,5,IN,suspended,false,2023-02-15T16:10:00.000000
16,48,10,FR,pending,false,2023-09-26T02:54:00.000000
125,81,29,NG,pending,true,2023-05-28T17:44:00.000000
134,93,38,GB,pending,true,2023-12-24T04:58:00.000000
106,80,24,US,suspended,false,2023-02-18T03:27:00.000000
89,22,14,CA,inactive,false,2023-02-27T20:23:00.000000
146,29,18,KE,pending,true,2023-11-26T18:42:00.000000
76,35,38,NG,active,false,2023-09-23T14:02:00.000000
278,86,25,NG,inactive,true,2024-09-12T01:11:00.000000
103,78,17,NG,inactive,true,2024-07-14T03:50:00.000000
140,90,0,JP,active,true,2023-08-30T12:44:00.000000
160,36,18,ES,suspended,true,2024-04-28T11:30:00.000000
300,44,9,JP,active,true,2023-08-09T01:29:00.000000
129,64,7,FR,active,false,2024-09-04T21:31:00.000000
229,35,27,JP,pending,false,2023-03-29T16:49:00.000000
87,53,18,IT,active,true,2024-07-02T00:30:00.000000
280,62,19,NG,pending,true,2023-10-07T21:51:00.000000
183,26,26,IT,inactive,false,2024-08-04T21:13:00.000000
252,67,35,IT,inactive,true,2023-02-10T05:05:00.000000
216,78,3,IN,pending,false,2024-09-12T11:40:00.000000
63,21,9,KE,active,false,2023-06-08T22:56:00.000000
107,85,6,KE,suspended,false,2024-07-09T04:52:00.000000
293,77,10,CA,active,true,2024-05-10T08:50:00.000000
197,43,33,KE,pending,false,2023-12-04T17:21:00.000000
105,48,31,DE,active,true,2024-06-10T17:40:00.000000
146,44,27,CA,suspended,true,2023-12-12T21:26:00.000000
56,18,7,FR,suspended,false,2023-03-28T03:58:00.000000
13,56,3,GB,active,true,2023-07-29T07:45:00.000000
61,23,22,US,active,false,2023-09-19T01:36:00.000000
292,52,20,GB,suspended,true,2024-09-15T11:47:00.000000
7,84,19,CA,suspended,false,2023-06-28T21:03:00.000000
280,42,2,GB,pending,false,2023-03-23T11:54:00.000000
152,27,19,MX,suspended,false,2023-12-16T13:07:00.000000
70,31,28,IN,suspended,true,2023-04-24T10:12:00.000000
39,32,2,ES,suspended,true,2023-11-14T11:37:00.000000
257,69,22,ES,suspended,false,2023-02-08T18:04:00.000000
192,60,18,IN,suspended,false,2023-02-02T12:59:00.000000
294,31,35,MX,active,true,2023-01-19T05:28:00.000000
160,75,40,KE,suspended,false,2023-01-26T23:13:00.000000
224,91,13,GB,pending,false,2023-03-11T05:17:00.000000
258,84,16,NG,active,false,2023-07-21T06:59:00.000000
183,79,17,IN,active,false,2024-05-18T00:07:00.000000
271,53,10,GB,inactive,false,2024-03-23T06:54:00.000000
166,36,18,IT,suspended,true,2023-03-17T10:35:00.000000
1,73,32,JP,suspended,true,2023-06-01T03:20:00.000000
64,65,21,KE,active,true,2023-03-13T13:58:00.000000
227,62,35,IN,active,true,2024-07-31T12:12:00.000000
231,67,5,MX,suspended,true,2023-07-09T14:50:00.000000
180,70,2,IN,pending,true,2024-02-24T04:02:00.000000
157,73,8,JP,active,false,2023-01-13T03:55:00.000000
277,65,8,IN,active,false,2024-03-29T21:58:00.000000
205,88,24,CA,active,true,2024-01-09T21:14:00.000000
174,44,20,ES,suspended,true,2024-08-19T09:59:00.000000
293,43,21,IT,inactive,false,2024-01-28T21:14:00.000000
253,26,30,DE,suspended,true,2023-12-31T07:09:00.000000
58,36,10,IN,pending,false,2023-03-04T02:29:00.000000
194,48,18,US,suspended,false,2023-07-31T03:45:00.000000
196,48,1,KE,active,false,2024-03-22T22:35:00.000000
105,20,16,IT,inactive,false,2023-05-02T06:20:00.000000
286,48,1,IN,suspended,true,2024-06-18T07:20:00.000000
2,68,34,IT,pending,true,2024-05-24T05:43:00.000000
143,76,40,US,suspended,false,2023-12-02T21:14:00.000000
262,74,39,GB,suspended,true,2023-04-08T23:29:00.000000
102,90,36,KE,suspended,false,2023-05-16T03:21:00.000000
237,30,1,FR,active,false,2024-06-21T03:24:00.000000
265,24,26,MX,active,true,2024-06-21T03:50:00.000000
210,40,34,NG,inactive,true,2024-03-11T18:24:00.000000
157,85,29,KE,suspended,true,2024-04-03T05:16:00.000000
88,18,1,IT,inactive,true,2024-05-08T22:00:00.000000
231,23,39,CA,pending,true,2023-05-27T18:14:00.000000
272,73,32,JP,inactive,true,2023-05-19T15:14:00.000000
102,53,24,DE,suspended,false,2024-07-26T15:21:00.000000
185,71,6,CA,inactive,true,2023-10-16T03:10:00.000000
270,34,7,FR,pending,true,2024-02-16T05:42:00.000000
2,48,36,JP,active,false,2023-11-28T03:14:00.000000
200,65,36,NG,inactive,true,2024-04-22T07:03:00.000000
297,71,1,FR,suspended,false,2024-03-24T08:01:00.000000
219,61,24,IN,active,true,2024-05-08T22:26:00.000000
208,92,5,MX,pending,false,2023-03-08T00:43:00.000000
173,24,31,NG,active,false,2023-02-20T08:00:00.000000
300,82,13,IN,active,false,2024-05-04T00:08:00.000000
35,76,22,US,pending,false,2023-04-04T19:57:00.000000
253,34,37,DE,suspended,false,2023-12-15T15:27:00.000000
127,84,2,CA,inactive,true,2023-09-09T04:31:00.000000
149,64,26,MX,suspended,false,2023-07-10T05:11:00.000000
11,92,30,NG,pending,true,2023-01-24T17:46:00.000000
209,25,34,JP,pending,false,2023-07-10T10:32:00.000000
80,62,20,MX,pending,true,2023-05-19T02:44:00.000000
204,33,12,MX,pending,true,2024-03-26T10:19:00.000000
139,49,0,IN,pending,false,2024-01-19T07:28:00.000000
92,33,8,US,inactive,true,2023-05-09T23:56:00.000000
38,73,30,KE,inactive,false,2024-01-15T05:50:00.000000
6,37,30,NG,active,false,2024-02-14T08:25:00.000000
179,20,16,US,inactive,false,2024-01-07T00:19:00.000000
136,64,27,US,pending,true,2023-04-29T00:35:00.000000
211,34,40,CA,active,false,2023-12-04T23:25:00.000000
279,37,32,NG,inactive,false,2023-04-25T06:12:00.000000
156,54,6,DE,active,false,2024-02-08T21:49:00.000000
78,21,26,IT,inactive,false,2024-09-08T17:42:00.000000
237,78,28,US,suspended,false,2023-11-11T11:01:00.000000
133,21,35,IN,active,true,2024-05-18T23:23:00.000000
249,79,33,NG,inactive,true,2023-10-30T22:51:00.000000
87,26,18,IN,inactive,true,2023-04-19T02:45:00.000000
240,93,5,IN,suspended,false,2024-02-22T23:57:00.000000
262,73,3,NG,suspended,true,2023-06-20T19:25:00.000000
24,29,27,CA,inactive,false,2023-01-01T01:29:00.000000
139,78,9,IT,active,true,2023-07-31T23:24:00.000000
262,87,22,IT,pending,true,2024-02-18T20:49:00.000000
51,95,12,KE,active,true,2024-05-06T06:07:00.000000
217,82,5,IN,pending,false,2023-01-25T11:59:00.000000
36,30,29,US,inactive,false,2024-03-15T09:24:00.000000
182,34,23,FR,inactive,true,2023-02-12T20:23:00.000000
35,86,7,DE,pending,false,2023-05-06T14:28:00.000000
227,68,37,IT,inactive,false,2023-10-20T22:34:00.000000
11,95,38,CA,active,true,2023-11-20T17:40:00.000000
85,87,21,DE,suspended,true,2023-04-15T14:17:00.000000
260,70,6,CA,inactive,true,2024-04-27T04:32:00.000000
83,48,13,MX,pending,true,2024-01-11T11:30:00.000000
48,84,38,MX,inactive,false,2024-03-29T09:51:00.000000
206,66,20,KE,inactive,false,2023-06-08T17:11:00.000000
142,79,10,US,suspended,false,2024-06-14T20:50:00.000000
156,58,10,KE,pending,false,2024-02-08T13:19:00.000000
107,74,21,ES,pending,true,2023-12-07T07:46:00.000000
271,32,5,GB,suspended,true,2023-05-25T01:41:00.000000
107,26,13,KE,inactive,false,2023-03-17T10:41:00.000000
122,44,18,IN,inactive,false,2023-04-03T07:40:00.000000
171,93,35,GB,active,true,2024-02-03T18:39:00.000000
138,65,37,MX,inactive,true,2023-03-20T21:19:00.000000
36,31,4,IT,suspended,true,2024-04-27T03:29:00.000000
39,30,31,CA,inactive,true,2023-07-07T09:04:00.000000
268,63,36,DE,suspended,false,2023-08-05T00:11:00.000000
189,31,29,NG,inactive,true,2024-08-07T15:34:00.000000
240,43,32,IN,active,true,2023-01-19T22:26:00.000000
262,32,28,IT,active,false,2024-02-03T11:15:00.000000
286,93,24,KE,active,false,2024-05-04T02:19:00.000000
26,29,23,CA,active,false,2024-02-27T00:03:00.000000
87,18,33,JP,active,true,2023-09-17T05:10:00.000000
153,83,40,KE,suspended,true,2024-07-31T02:23:00.000000
285,73,33,NG,suspended,false,2023-08-19T02:31:00.000000
139,48,30,IN,active,false,2024-05-05T01:21:00.000000
183,29,11,MX,suspended,false,2024-06-16T15:23:00.000000
119,57,9,NG,pending,true,2023-07-26T16:42:00.000000
201,80,0,FR,pending,true,2024-01-14T22:19:00.000000
288,25,11,CA,pending,false,2024-01-18T02:43:00.000000
205,91,19,FR,suspended,true,2023-01-24T21:54:00.000000
89,72,11,CA,suspended,true,2023-08-27T03:22:00.000000
248,89,40,KE,active,true,2023-01-14T14:53:00.000000
133,56,9,CA,active,true,2023-01-04T15:54:00.000000
169,68,13,KE,pending,false,2023-10-08T19:10:00.000000
114,23,8,DE,suspended,false,2023-12-01T16:21:00.000000
133,94,15,NG,suspended,false,2023-05-08T09:34:00.000000
126,21,29,IT,inactive,true,2024-05-08T05:33:00.000000
16,53,8,KE,inactive,false,2024-03-25T18:26:00.000000
207,79,5,JP,inactive,false,2024-03-15T14:16:00.000000
163,74,31,KE,active,true,2023-10-04T04:33:00.000000
222,46,32,FR,pending,false,2023-06-06T23:32:00.000000
128,52,35,IT,inactive,true,2024-02-18T08:45:00.000000
138,59,24,FR,active,false,2023-01-05T19:07:00.000000
98,79,25,NG,pending,false,2024-06-07T11:29:00.000000
38,74,39,IT,pending,true,2024-07-05T10:52:00.000000
85,86,40,NG,inactive,false,2023-05-26T00:31:00.000000
297,25,27,IT,inactive,false,2024-06-24T21:18:00.000000
228,52,34,KE,pending,true,2024-05-09T23:30:00.000000
298,83,32,MX,pending,true,2023-04-17T16:58:00.000000
76,40,27,FR,inactive,true,2023-12-22T05:16:00.000000
135,74,30,KE,active,true,2024-04-17T03:48:00.000000
236,76,17,FR,active,false,2023-02-09T10:24:00.000000
270,55,30,CA,inactive,true,2023-09-24T06:27:00.000000
84,92,8,IN,pending,false,2023-10-12T05:05:00.000000
71,93,12,FR,inactive,false,2023-10-27T04:01:00.000000
71,41,24,US,active,true,2023-05-06T19:17:00.000000
226,59,2,KE,active,true,2023-12-15T06:05:00.000000
185,83,17,ES,pending,false,2024-07-08T13:17:00.000000
159,68,39,JP,suspended,false,2024-05-15T19:37:00.000000
206,70,8,MX,inactive,false,2023-04-27T03:55:00.000000
124,89,28,IT,pending,false,2023-05-07T21:57:00.000000
60,94,13,KE,active,true,2024-01-18T18:06:00.000000
106,68,9,IN,suspended,false,2024-03-25T01:30:00.000000
157,79,24,JP,suspended,false,2024-08-15T07:17:00.000000
35,46,28,JP,pending,false,2024-08-30T23:01:00.000000
55,57,40,DE,pending,true,2023-05-09T00:51:00.000000
117,20,3,IN,pending,false,2023-12-04T21:27:00.000000
204,26,22,FR,active,false,2024-05-28T00:42:00.000000
165,36,14,CA,active,false,2023-03-26T12:17:00.000000
253,81,9,KE,inactive,true,2024-03-25T22:30:00.000000
52,32,18,FR,inactive,true,2024-02-08T13:55:00.000000
96,64,37,ES,active,true,2024-04-09T20:06:00.000000
24,51,36,GB,active,false,2023-06-03T15:52:00.000000
29,57,31,GB,inactive,true,2023-01-15T09:32:00.000000
12,87,21,ES,inactive,true,2024-02-18T23:30:00.000000
111,56,9,NG,suspended,true,2023-07-08T06:55:00.000000
18,35,38,KE,pending,false,2023-01-21T01:58:00.000000
254,31,40,CA,inactive,false,2023-09-22T13:59:00.000000
271,82,4,ES,active,false,2024-04-10T23:23:00.000000
227,35,39,IN,suspended,true,2023-03-05T13:18:00.000000
176,76,25,MX,active,false,2023-08-17T13:14:00.000000
141,22,4,FR,inactive,false,2023-11-02T15:42:00.000000
61,75,4,US,active,false,2024-08-07T19:12:00.000000
89,78,0,IN,inactive,false,2023-09-12T07:35:00.000000
49,90,1,FR,inactive,true,2024-02-27T12:45:00.000000
114,59,4,GB,pending,true,2023-12-12T11:35:00.000000
205,87,5,DE,inactive,true,2023-11-11T07:21:00.000000
120,65,8,CA,pending,true,2024-03-28T16:09:00.000000
254,34,35,FR,inactive,false,2023-07-05T20:11:00.000000
231,19,16,ES,pending,true,2023-03-01T02:59:00.000000
194,86,3,CA,pending,true,2024-08-17T22:05:00.000000
87,43,13,MX,suspended,true,2024-07-12T09:39:00.000000
119,52,27,GB,pending,true,2024-04-13T02:51:00.000000
121,26,21,IT,active,false,2023-07-25T20:05:00.000000
146,77,17,DE,suspended,true,2023-12-11T22:25:00.000000
237,54,22,IT,inactive,true,2024-04-30T21:26:00.000000
281,19,12,ES,active,false,2023-12-22T22:06:00.000000
297,52,10,CA,suspended,true,2024-07-10T00:26:00.000000
200,82,26,NG,inactive,true,2024-01-09T03:51:00.000000
109,20,5,KE,suspended,true,2024-03-05T10:33:00.000000
232,90,22,IT,suspended,false,2024-03-14T14:15:00.000000
133,69,7,US,inactive,true,2024-05-14T20:14:00.000000
170,32,27,ES,pending,true,2024-03-01T11:24:00.000000
255,30,28,GB,pending,false,2024-04-13T18:00:00.000000
57,59,21,ES,inactive,false,2024-08-15T21:20:00.000000
110,95,32,KE,suspended,false,2023-12-01T04:53:00.000000
41,91,6,KE,suspended,false,2023-06-19T02:22:00.000000
24,75,0,IN,suspended,true,2023-12-07T15:30:00.000000
8,29,3,FR,active,true,2023-08-08T17:04:00.000000
3,81,9,KE,suspended,true,2023-08-03T22:23:00.000000
246,85,26,KE,pending,false,2023-04-06T11:41:00.000000
164,61,38,MX,suspended,false,2024-04-03T14:04:00.000000
197,93,13,MX,pending,true,2024-01-25T05:49:00.000000
298,23,12,ES,active,false,2023-10-08T07:47:00.000000
148,42,4,US,suspended,true,2023-02-15T08:52:00.000000
101,39,10,US,suspended,false,2023-03-11T01:46:00.000000
205,25,29,IN,suspended,true,2023-05-25T11:28:00.000000
82,32,32,US,suspended,true,2023-12-30T17:06:00.000000
78,23,1,IT,pending,true,2023-06-26T20:59:00.000000
16,33,20,US,active,true,2024-08-13T19:58:00.000000
8,89,39,DE,suspended,false,2024-04-18T13:56:00.000000
199,85,18,NG,inactive,true,2023-01-23T13:44:00.000000
75,57,19,IT,active,false,2023-11-02T19:01:00.000000
278,43,9,DE,pending,true,2023-08-08T05:01:00.000000
30,38,28,MX,inactive,false,2024-04-30T10:14:00.000000
290,86,3,JP,suspended,true,2023-05-07T22:33:00.000000
195,37,2,IN,inactive,false,2023-04-08T14:21:00.000000
131,47,18,GB,pending,true,2024-06-11T19:16:00.000000
67,45,10,JP,inactive,false,2023-08-26T01:08:00.000000
41,29,1,IT,pending,false,2024-04-08T22:38:00.000000
237,82,39,KE,suspended,false,2023-01-25T17:01:00.000000
156,63,20,GB,active,false,2023-06-22T04:04:00.000000
8,90,1,IN,inactive,true,2024-04-17T14:17:00.000000
19,73,9,GB,suspended,false,2023-09-20T07:01:00.000000
275,52,16,ES,active,false,2024-02-24T15:10:00.000000
32,35,6,DE,pending,false,2023-09-29T12:05:00.000000
269,54,14,JP,pending,false,2024-02-18T20:34:00.000000
67,91,16,IT,pending,true,2023-03-30T08:20:00.000000
22,49,36,FR,active,false,2024-05-14T05:59:00.000000
141,26,31,FR,suspended,false,2023-07-03T05:14:00.000000
61,94,31,MX,active,true,2023-09-03T20:39:00.000000
222,51,12,FR,active,true,2024-06-08T02:04:00.000000
47,25,4,IN,inactive,true,2023-11-03T18:22:00.000000
98,20,8,CA,suspended,true,2023-02-10T10:41:00.000000
15,73,18,KE,inactive,false,2024-03-19T18:43:00.000000
256,54,1,KE,suspended,true,2024-04-15T08:07:00.000000
67,78,15,NG,pending,true,2023-03-22T21:55:00.000000
143,72,10,CA,pending,false,2024-02-13T03:01:00.000000
99,73,11,NG,suspended,false,2024-03-06T10:23:00.000000
230,26,15,KE,pending,true,2023-06-16T13:14:00.000000
200,41,37,IT,pending,true,2023-04-29T14:48:00.000000
169,45,39,KE,inactive,true,2024-03-02T22:34:00.000000
138,22,29,KE,suspended,true,2024-02-24T23:30:00.000000
134,72,6,NG,suspended,false,2023-10-14T01:51:00.000000
125,71,0,GB,suspended,false,2024-08-29T11:09:00.000000
126,63,12,CA,inactive,true,2023-01-11T06:34:00.000000
31,63,36,IT,inactive,true,2023-06-07T22:59:00.000000
90,83,23,CA,suspended,true,2023-09-19T13:48:00.000000
180,36,40,IT,suspended,true,2023-06-28T12:43:00.000000
220,40,10,NG,active,true,2023-03-03T17:47:00.000000
287,46,17,NG,suspended,false,2024-01-12T04:22:00.000000
268,47,6,MX,active,true,2023-05-25T22:04:00.000000
32,25,5,CA,active,true,2024-02-07T05:03:00.000000
181,64,19,JP,inactive,true,2023-06-06T15:34:00.000000
281,26,14,IN,pending,false,2024-09-06T17:25:00.000000
212,75,24,DE,inactive,true,2024-03-09T02:51:00.000000
276,59,19,NG,active,false,2024-01-07T17:42:00.000000
103,45,34,JP,active,true,2024-03-19T00:31:00.000000
275,46,8,ES,suspended,true,2024-04-13T09:57:00.000000
218,50,19,KE,inactive,true,2023-12-23T03:32:00.000000
36,37,8,GB,active,false,2023-04-04T06:38:00.000000
137,84,19,NG,inactive,true,2023-10-28T04:40:00.000000
38,66,34,CA,pending,false,2024-02-10T20:12:00.000000
129,31,7,IT,active,true,2023-01-19T11:14:00.000000
91,79,19,GB,pending,false,2023-09-28T16:24:00.000000
50,18,33,CA,inactive,false,2023-11-04T20:00:00.000000
78,78,6,CA,inactive,true,2023-03-20T03:57:00.000000
31,57,13,IT,suspended,true,2023-04-07T19:05:00.000000
105,51,28,FR,active,true,2023-12-27T12:59:00.000000
220,55,25,KE,inactive,true,2023-11-10T20:48:00.000000
23,44,40,NG,pending,false,2023-08-23T08:26:00.000000
28,34,6,FR,active,false,2023-03-21T23:57:00.000000
47,66,1,US,inactive,true,2024-04-22T07:43:00.000000
263,22,25,DE,active,false,2023-11-29T18:07:00.000000
241,66,30,KE,active,false,2024-01-29T15:46:00.000000
257,76,0,IN,inactive,false,2023-11-10T12:27:00.000000
190,86,18,ES,inactive,true,2023-07-05T06:20:00.000000
51,21,30,GB,pending,true,2023-01-03T09:20:00.000000
161,34,30,ES,inactive,false,2023-12-07T16:02:00.000000
21,47,23,MX,inactive,true,2023-09-25T05:55:00.000000
65,81,11,NG,suspended,false,2023-01-10T20:38:00.000000
273,30,13,KE,active,true,2023-07-25T23:23:00.000000
17,55,30,IT,active,true,2023-08-22T03:52:00.000000
227,73,35,CA,pending,false,2024-06-08T21:47:00.000000
66,43,12,IT,active,false,2023-04-22T17:19:00.000000
203,84,33,FR,inactive,false,2023-10-17T10:32:00.000000
229,60,34,ES,active,true,2023-09-03T06:33:00.000000
13,30,14,JP,suspended,true,2024-02-01T12:24:00.000000
269,49,8,NG,suspended,false,2024-08-17T12:02:00.000000
139,49,27,KE,active,true,2023-12-29T23:11:00.000000
47,80,12,NG,inactive,true,2024-05-26T20:29:00.000000
129,91,23,CA,pending,false,2023-03-09T00:21:00.000000
167,32,31,JP,active,true,2023-08-29T12:33:00.000000
44,40,14,CA,suspended,false,2024-01-16T08:34:00.000000
155,81,3,ES,pending,false,2023-10-02T02:15:00.000000
18,63,15,CA,inactive,false,2023-02-07T02:31:00.000000
197,94,7,FR,inactive,true,2024-01-28T12:34:00.000000
30,73,23,ES,pending,true,2024-08-07T00:32:00.000000
134,69,4,US,active,false,2023-01-10T02:22:00.000000
161,88,2,CA,pending,false,2024-09-06T19:12:00.000000
67,71,13,NG,pending,true,2024-01-05T09:15:00.000000
134,21,27,DE,inactive,false,2023-11-28T09:08:00.000000
195,69,21,CA,active,true,2023-12-26T05:16:00.000000
60,36,26,ES,active,false,2024-07-19T19:20:00.000000
156,72,28,IN,pending,true,2024-04-27T19:10:00.000000
49,34,28,IT,inactive,false,2023-04-19T03:19:00.000000
218,25,29,IT,inactive,true,2024-08-26T14:15:00.000000
126,55,38,JP,inactive,false,2023-07-01T07:39:00.000000
258,67,39,IN,inactive,false,2024-03-08T04:36:00.000000
286,73,28,IN,suspended,false,2024-07-25T05:55:00.000000
106,30,23,IN,pending,false,2024-06-16T19:39:00.000000
170,43,2,MX,suspended,false,2024-06-28T07:37:00.000000
174,94,13,ES,suspended,false,2024-07-23T20:33:00.000000
261,52,16,US,active,true,2023-03-18T07:26:00.000000
201,79,8,FR,pending,false,2024-07-22T16:01:00.000000
300,94,33,ES,active,true,2023-09-08T03:13:00.000000
247,72,6,IN,suspended,true,2023-03-26T19:04:00.000000
54,51,26,ES,pending,true,2023-05-24T23:01:00.000000
67,83,12,ES,suspended,true,2024-04-12T03:58:00.000000
230,31,20,IT,active,true,2023-04-05T02:57:00.000000
269,59,6,US,active,true,2023-06-14T00:53:00.000000
287,37,0,JP,pending,false,2024-05-14T14:30:00.000000
298,89,14,IN,suspended,true,2023-09-29T18:55:00.000000
267,86,12,GB,active,false,2023-07-20T03:22:00.000000
275,51,24,NG,inactive,false,2024-03-31T22:03:00.000000
16,21,12,MX,inactive,false,2023-04-23T20:27:00.000000
150,89,19,CA,active,true,2023-02-10T10:18:00.000000
81,30,19,IT,suspended,false,2024-09-02T00:31:00.000000
103,65,23,ES,active,true,2023-10-26T04:54:00.000000
190,76,14,GB,inactive,true,2023-08-15T17:06:00.000000
200,51,1,CA,active,true,2023-08-02T05:56:00.000000
267,30,15,JP,pending,false,2023-07-23T15:23:00.000000
167,54,38,JP,pending,false,2023-10-31T10:12:00.000000
50,35,17,IT,active,true,2023-02-27T09:58:00.000000
210,28,19,GB,active,true,2024-01-19T09:36:00.000000
177,70,11,ES,pending,false,2024-06-09T12:07:00.000000
65,66,7,IN,pending,true,2023-01-15T17:49:00.000000
295,21,0,ES,inactive,true,2023-07-20T08:02:00.000000
34,79,22,ES,inactive,false,2023-03-18T02:43:00.000000
23,92,9,US,inactive,false,2023-08-03T14:06:00.000000
154,34,36,FR,suspended,true,2023-02-13T03:51:00.000000
274,89,24,US,active,true,2024-03-09T02:07:00.000000
161,68,31,US,suspended,true,2024-06-29T21:14:00.000000
214,80,29,IT,suspended,false,2024-05-09T07:45:00.000000
153,47,7,JP,active,false,2023-06-02T05:13:00.000000
164,83,14,ES,active,false,2023-07-16T20:15:00.000000
181,21,38,MX,pending,false,2024-04-13T12:33:00.000000
140,66,22,KE,suspended,false,2024-09-02T14:11:00.000000
167,25,3,MX,pending,true,2023-02-01T23:02:00.000000
267,70,5,JP,suspended,false,2023-03-23T13:23:00.000000
257,94,15,GB,active,true,2023-12-08T17:20:00.000000
5,28,10,NG,suspended,true,2023-05-23T18:39:00.000000
270,49,12,ES,pending,true,2023-01-12T06:21:00.000000
63,23,27,FR,suspended,true,2023-06-15T22:31:00.000000
77,76,8,CA,active,false,2023-01-08T03:51:00.000000
163,28,24,NG,inactive,true,2024-06-16T02:04:00.000000
167,55,25,US,pending,false,2023-12-04T20:26:00.000000
168,23,37,ES,pending,false,2023-11-30T20:20:00.000000
294,62,22,JP,inactive,true,2023-05-27T10:16:00.000000
36,23,5,MX,active,false,2024-02-23T13:17:00.000000
232,26,2,IT,inactive,true,2023-12-16T10:10:00.000000
144,27,35,MX,pending,true,2024-07-13T22:37:00.000000
246,23,29,FR,suspended,true,2024-06-12T01:06:00.000000
233,92,36,US,pending,false,2024-06-13T03:16:00.000000
187,57,22,IN,pending,false,2024-06-19T12:34:00.000000
195,63,18,FR,pending,true,2023-04-14T02:02:00.000000
41,57,23,KE,suspended,true,2024-07-03T22:03:00.000000
297,29,21,FR,inactive,true,2023-09-08T13:51:00.000000
29,86,23,US,inactive,true,2024-01-12T21:44:00.000000
69,78,0,KE,suspended,false,2023-02-02T23:34:00.000000
25,63,7,NG,inactive,true,2023-09-09T02:50:00.000000
269,59,24,DE,active,true,2024-04-28T02:24:00.000000
252,39,19,FR,active,false,2024-06-20T23:32:00.000000
295,63,17,US,inactive,true,2023-04-23T04:00:00.000000
129,85,3,IT,active,true,2023-03-30T18:46:00.000000
126,49,32,CA,active,true,2023-06-12T03:15:00.000000
294,59,30,MX,active,false,2023-07-22T07:52:00.000000
174,95,17,JP,suspended,false,2024-04-02T08:17:00.000000
186,47,3,IN,active,false,2024-03-08T00:26:00.000000
190,49,31,IN,inactive,true,2023-06-23T10:15:00.000000
207,45,20,KE,pending,false,2023-03-02T23:14:00.000000
158,57,27,ES,inactive,true,2024-06-30T22:07:00.000000
238,57,29,JP,inactive,true,2024-06-16T13:28:00.000000
175,86,37,IN,suspended,true,2023-02-07T23:47:00.000000
273,59,35,IT,active,true,2024-02-11T06:45:00.000000
260,56,32,FR,suspended,false,2023-11-27T08:34:00.000000
86,93,14,IT,active,false,2023-04-25T04:37:00.000000
15,18,10,US,active,false,2023-03-15T12:51:00.000000
76,79,32,ES,suspended,true,2024-06-20T20:31:00.000000
129,50,2,US,pending,true,2023-04-17T23:50:00.000000
114,47,25,FR,suspended,true,2024-05-23T06:55:00.000000
289,36,16,US,inactive,false,2023-01-06T21:42:00.000000
69,48,12,DE,pending,true,2024-09-11T23:55:00.000000
58,38,20,GB,inactive,true,2023-04-27T15:25:00.000000
95,28,12,DE,inactive,true,2024-05-29T04:38:00.000000
211,51,7,MX,suspended,true,2023-11-20T17:08:00.000000
26,69,39,GB,pending,true,2024-07-23T05:35:00.000000
51,43,10,MX,inactive,true,2024-05-19T22:57:00.000000
280,35,26,CA,active,false,2024-03-30T00:09:00.000000
137,39,26,US,pending,true,2023-04-10T10:07:00.000000
55,88,36,CA,suspended,true,2023-01-16T08:17:00.000000
105,27,16,MX,inactive,false,2024-09-12T20:30:00.000000
134,58,38,FR,suspended,true,2023-02-08T21:40:00.000000
35,67,8,DE,inactive,false,2023-10-19T23:06:00.000000
293,45,5,IT,pending,false,2023-03-09T00:04:00.000000
270,38,16,KE,active,true,2024-07-22T10:23:00.000000
41,22,15,KE,inactive,true,2024-09-05T01:10:00.000000
38,75,17,KE,inactive,true,2023-08-12T01:52:00.000000
112,45,36,IT,suspended,false,2024-07-29T05:59:00.000000
89,69,11,US,inactive,true,2023-10-16T06:33:00.000000
262,32,29,ES,active,true,2024-08-27T14:06:00.000000
222,57,27,KE,suspended,true,2024-01-27T10:37:00.000000
12,46,1,NG,pending,true,2023-08-02T09:53:00.000000
189,55,9,ES,suspended,false,2024-05-31T20:08:00.000000
250,83,19,GB,suspended,false,2023-08-05T15:25:00.000000
146,75,32,JP,inactive,true,2024-01-05T02:50:00.000000
113,61,8,NG,inactive,true,2023-09-28T22:27:00.000000
103,28,9,MX,active,false,2024-06-03T13:21:00.000000
253,26,26,NG,active,false,2023-02-25T17:31:00.000000
121,27,2,CA,inactive,true,2024-05-19T20:20:00.000000
218,47,29,ES,suspended,true,2023-06-23T23:36:00.000000
232,33,32,NG,inactive,false,2024-04-11T12:49:00.000000
188,85,31,ES,suspended,false,2023-02-12T21:08:00.000000
279,77,33,GB,pending,false,2023-01-04T13:47:00.000000
97,89,2,NG,suspended,false,2023-07-13T00:51:00.000000
247,76,24,US,active,false,2023-02-24T22:49:00.000000
38,19,6,KE,active,false,2024-02-21T15:47:00.000000
132,94,18,KE,active,false,2023-07-20T00:26:00.000000
209,39,26,NG,pending,false,2023-09-24T01:23:00.000000
104,76,29,DE,inactive,true,2023-11-22T07:29:00.000000
5,73,6,ES,inactive,true,2024-03-28T04:17:00.000000
273,87,34,ES,suspended,false,2024-01-11T05:49:00.000000
195,32,27,NG,pending,false,2023-07-05T09:56:00.000000
264,42,26,IN,suspended,true,2023-05-03T03:48:00.000000
250,19,1,IN,pending,false,2023-05-22T12:41:00.000000
40,49,16,GB,inactive,false,2024-01-28T12:34:00.000000
207,57,38,MX,suspended,false,2023-01-28T13:19:00.000000
262,45,3,ES,suspended,false,2024-07-16T07:38:00.000000
297,84,18,MX,active,false,2023-05-24T14:11:00.000000
300,95,16,CA,active,true,2024-01-23T21:48:00.000000
218,55,20,KE,inactive,true,2024-03-13T11:29:00.000000
21,57,32,CA,pending,true,2024-03-14T05:26:00.000000
181,51,1,JP,suspended,false,2024-01-07T11:18:00.000000
235,62,8,FR,pending,true,2024-02-25T05:55:00.000000
4,52,34,MX,suspended,true,2023-11-10T21:18:00.000000
98,54,3,DE,pending,true,2023-07-02T09:48:00.000000
154,24,13,IT,suspended,false,2024-08-07T21:43:00.000000
3,21,20,IT,suspended,false,2023-10-02T23:47:00.000000
277,19,6,NG,inactive,false,2024-01-29T01:35:00.000000
62,74,10,MX,inactive,false,2024-05-21T00:53:00.000000
155,23,19,KE,suspended,false,2023-06-18T03:06:00.000000
263,44,26,FR,pending,true,2023-07-25T02:55:00.000000
162,27,33,IN,pending,false,2024-06-11T08:19:00.000000
279,58,9,JP,pending,false,2023-09-19T21:38:00.000000
293,75,5,GB,suspended,false,2023-03-14T04:08:00.000000
283,56,33,FR,active,false,2024-05-31T08:46:00.000000
145,32,31,CA,pending,false,2023-06-16T02:07:00.000000
270,49,33,JP,active,true,2023-07-06T10:17:00.000000
211,32,4,NG,pending,false,2023-03-26T02:50:00.000000
278,42,27,DE,active,true,2023-12-15T01:44:00.000000
266,21,23,GB,inactive,true,2023-11-02T14:18:00.000000
210,42,40,IN,pending,false,2023-10-16T10:10:00.000000
298,35,9,KE,inactive,false,2024-03-25T09:22:00.000000
158,94,29,NG,pending,true,2023-09-29T15:35:00.000000
232,21,25,GB,suspended,false,2024-02-01T14:54:00.000000
155,74,39,FR,inactive,true,2023-09-19T06:52:00.000000
68,21,20,MX,suspended,false,2024-02-24T08:30:00.000000
260,89,18,IN,pending,false,2023-12-06T19:02:00.000000
228,47,31,MX,pending,true,2024-06-29T07:02:00.000000
72,78,35,US,active,true,2024-05-15T06:27:00.000000
282,40,4,IT,inactive,false,2023-07-14T00:55:00.000000
84,86,33,DE,inactive,true,2023-11-02T00:20:00.000000
130,19,8,MX,pending,true,2023-06-21T19:05:00.000000
5,46,1,KE,suspended,true,2024-01-20T02:35:00.000000
218,35,40,GB,suspended,true,2023-09-27T11:25:00.000000
290,26,5,FR,inactive,false,2024-02-25T19:28:00.000000
19,20,13,JP,active,false,2024-03-27T13:58:00.000000
189,35,38,US,pending,true,2024-03-05T04:56:00.000000
216,59,38,ES,active,false,2024-08-12T10:29:00.000000
206,91,23,IT,suspended,true,2024-08-01T02:08:00.000000
145,28,30,IT,inactive,true,2024-09-03T03:59:00.000000
10,84,32,JP,suspended,true,2023-05-13T03:21:00.000000
47,87,9,US,pending,true,2023-05-04T06:01:00.000000
47,51,11,MX,suspended,false,2023-05-05T03:06:00.000000
3,42,8,NG,pending,true,2024-05-27T09:59:00.000000
197,68,27,ES,active,true,2023-04-16T23:07:00.000000
138,19,2,IN,inactive,false,2023-03-02T10:25:00.000000
238,87,4,IN,suspended,true,2023-09-23T22:56:00.000000
140,53,22,IT,active,true,2023-05-21T22:17:00.000000
191,63,40,IN,active,true,2023-05-31T07:34:00.000000
247,51,19,JP,active,false,2023-11-08T00:59:00.000000
173,87,16,DE,inactive,false,2024-08-20T18:09:00.000000
199,67,23,FR,inactive,false,2024-04-25T19:02:00.000000
234,69,23,FR,active,false,2024-06-03T12:28:00.000000
60,85,19,MX,suspended,false,2024-09-13T07:13:00.000000
248,85,26,DE,pending,true,2023-02-27T15:40:00.000000
182,86,25,IN,inactive,true,2023-03-18T23:10:00.000000
75,77,30,NG,inactive,false,2024-07-19T04:20:00.000000
213,53,28,JP,active,true,2023-08-27T19:54:00.000000
76,29,23,JP,active,true,2023-05-22T22:09:00.000000
10,41,20,DE,pending,true,2023-12-14T07:51:00.000000
89,79,39,CA,pending,true,2023-10-02T12:35:00.000000
134,90,26,ES,active,true,2023-10-06T04:58:00.000000
189,68,9,GB,inactive,true,2023-05-07T21:06:00.000000
66,35,8,JP,pending,true,2024-01-10T15:35:00.000000
148,44,30,DE,suspended,false,2024-04-20T00:42:00.000000
212,85,16,CA,suspended,true,2024-08-01T17:50:00.000000
133,21,40,DE,pending,false,2023-07-02T21:42:00.000000
264,84,16,GB,active,true,2023-10-02T06:28:00.000000
148,24,27,JP,pending,false,2024-03-03T01:43:00.000000
216,58,36,CA,active,true,2023-09-27T17:15:00.000000
141,36,30,DE,suspended,true,2024-09-03T11:03:00.000000
222,46,38,IN,inactive,false,2023-06-13T09:56:00.000000
172,58,3,NG,inactive,false,2023-04-25T17:23:00.000000
249,68,18,IN,inactive,false,2023-11-10T06:11:00.000000
111,23,33,IN,pending,true,2023-03-26T18:15:00.000000
252,70,31,IN,suspended,true,2024-07-26T11:40:00.000000
206,93,22,FR,pending,false,2023-03-23T05:51:00.000000
218,78,31,US,pending,true,2023-11-05T05:37:00.000000
47,82,8,KE,active,true,2023-10-04T23:57:00.000000
33,26,28,DE,pending,true,2023-10-08T20:21:00.000000
67,22,9,NG,inactive,false,2023-02-18T13:11:00.000000
106,34,30,US,inactive,true,2024-02-14T10:38:00.000000
77,89,9,ES,inactive,false,2023-10-13T20:29:00.000000
118,70,14,IN,suspended,true,2023-04-23T14:24:00.000000
14,87,21,CA,pending,false,2024-01-22T19:43:00.000000
53,67,4,US,suspended,false,2023-05-09T16:59:00.000000
130,87,35,US,suspended,true,2023-02-17T23:23:00.000000
80,52,36,KE,inactive,true,2024-05-20T02:22:00.000000
246,93,37,MX,inactive,true,2024-06-20T10:49:00.000000
51,23,23,IT,suspended,true,2023-11-22T21:01:00.000000
205,45,10,CA,inactive,false,2023-02-16T15:36:00.000000
96,42,26,GB,pending,true,2024-06-22T16:11:00.000000
2,56,40,DE,inactive,true,2023-05-21T07:21:00.000000
46,66,26,CA,inactive,true,2023-05-03T11:41:00.000000
219,56,19,NG,inactive,false,2023-10-04T13:32:00.000000
27,84,17,MX,pending,true,2023-07-18T11:32:00.000000
282,20,14,ES,active,true,2023-04-14T01:39:00.000000
112,90,39,MX,active,true,2024-01-31T23:20:00.000000
274,52,0,IT,inactive,false,2024-09-13T06:57:00.000000
217,42,30,KE,active,false,2023-04-14T07:33:00.000000
178,86,22,CA,pending,true,2024-02-13T19:20:00.000000
25,84,5,NG,active,false,2024-02-02T06:41:00.000000
53,86,16,FR,inactive,true,2023-09-06T07:18:00.000000
284,38,31,JP,suspended,true,2023-09-01T19:45:00.000000
215,47,25,IT,suspended,false,2024-07-06T21:50:00.000000
61,29,29,MX,active,true,2024-03-26T07:41:00.000000
136,44,2,DE,active,false,2023-07-12T18:08:00.000000
143,79,27,IN,active,false,2024-05-17T10:29:00.000000
92,39,16,MX,inactive,false,2023-04-20T21:34:00.000000
246,24,31,CA,suspended,false,2023-03-31T09:11:00.000000
25,69,33,IN,suspended,false,2023-09-09T14:32:00.000000
110,54,9,MX,pending,true,2024-05-31T14:40:00.000000
45,19,20,CA,inactive,false,2023-06-09T22:06:00.000000
200,37,9,IN,inactive,false,2023-05-05T18:07:00.000000
64,30,13,ES,suspended,false,2023-02-14T20:55:00.000000
230,23,24,MX,inactive,true,2023-07-06T19:22:00.000000
151,93,7,MX,inactive,true,2023-05-12T19:39:00.000000
261,73,7,GB,pending,true,2023-04-10T19:22:00.000000
255,78,20,FR,suspended,true,2023-05-31T00:17:00.000000
202,40,9,CA,suspended,true,2023-05-06T19:31:00.000000
60,45,30,US,pending,true,2024-02-05T11:26:00.000000
246,90,40,KE,inactive,false,2023-01-09T13:02:00.000000
55,77,33,GB,inactive,false,2024-01-21T15:46:00.000000
77,31,28,US,active,true,2024-01-19T12:12:00.000000
198,69,33,KE,inactive,true,2023-11-23T11:20:00.000000
104,46,9,JP,inactive,false,2023-02-02T07:46:00.000000
86,26,31,GB,active,true,2024-06-18T09:15:00.000000
267,34,9,US,pending,false,2024-01-31T18:38:00.000000
132,61,3,IN,inactive,true,2023-07-30T19:26:00.000000
214,82,12,IT,active,true,2023-09-02T07:49:00.000000
275,78,25,JP,pending,true,2024-08-18T07:10:00.000000
148,81,21,GB,suspended,false,2023-05-28T16:19:00.000000
253,83,16,KE,inactive,false,2024-06-16T04:07:00.000000
279,65,31,ES,inactive,false,2024-01-18T17:11:00.000000
110,73,18,FR,pending,false,2023-09-02T20:26:00.000000
173,92,2,MX,inactive,false,2023-05-12T22:50:00.000000
249,49,27,DE,inactive,true,2023-12-24T21:07:00.000000
53,74,5,DE,inactive,false,2024-03-14T18:19:00.000000
5,51,13,KE,suspended,false,2023-10-30T22:59:00.000000
178,69,1,ES,inactive,true,2024-07-08T15:29:00.000000
137,63,36,CA,inactive,false,2023-05-30T15:34:00.000000
29,67,20,KE,inactive,true,2024-08-30T19:26:00.000000
277,90,25,KE,active,false,2024-01-02T14:43:00.000000
226,47,18,GB,pending,true,2024-04-21T07:57:00.000000
154,66,15,DE,inactive,false,2023-02-04T21:26:00.000000
52,31,19,US,suspended,true,2023-11-13T22:21:00.000000
118,41,27,ES,suspended,false,2023-06-15T22:40:00.000000
261,94,22,IT,pending,true,2023-09-19T05:52:00.000000
141,62,28,JP,inactive,false,2024-01-20T05:18:00.000000
139,27,20,GB,active,false,2024-05-27T06:29:00.000000
127,21,17,MX,active,false,2024-08-28T08:35:00.000000
211,71,7,US,active,false,2023-07-03T00:26:00.000000
76,93,23,NG,active,false,2023-01-15T18:19:00.000000
67,81,2,FR,pending,true,2024-01-07T06:24:00.000000
132,25,18,IT,suspended,false,2023-09-13T13:05:00.000000
100,76,13,GB,active,false,2024-02-21T00:17:00.000000
209,32,37,CA,active,true,2023-03-18T16:44:00.000000
288,47,6,CA,pending,true,2023-06-19T23:40:00.000000
30,76,38,GB,pending,true,2023-02-10T18:57:00.000000
273,62,16,KE,pending,true,2024-06-18T23:17:00.000000
261,83,1,JP,inactive,false,2023-12-24T07:58:00.000000
77,29,16,MX,inactive,false,2024-05-09T21:26:00.000000
212,60,21,GB,pending,false,2023-07-27T20:50:00.000000
139,22,7,GB,inactive,true,2024-03-10T14:25:00.000000
144,53,25,JP,inactive,false,2023-02-08T10:23:00.000000
246,93,29,NG,pending,true,2023-12-19T08:32:00.000000
157,85,18,DE,pending,true,2024-01-31T07:08:00.000000
137,60,34,NG,pending,true,2024-05-10T23:14:00.000000
252,34,17,NG,pending,true,2023-10-17T18:28:00.000000
110,91,23,US,active,true,2024-06-02T15:45:00.000000
256,39,9,KE,active,false,2023-10-01T10:59:00.000000
189,73,31,NG,inactive,false,2024-09-12T05:50:00.000000
241,57,3,GB,inactive,true,2024-07-17T09:08:00.000000
124,74,6,IT,suspended,false,2024-04-17T18:16:00.000000
174,49,24,US,suspended,false,2024-01-21T17:51:00.000000
91,80,28,CA,inactive,false,2023-10-05T02:29:00.000000
93,67,20,MX,active,false,2024-02-01T12:51:00.000000
298,21,0,ES,suspended,false,2024-01-19T12:03:00.000000
231,82,29,MX,suspended,true,2024-06-24T02:06:00.000000
274,50,40,IN,suspended,true,2023-09-22T16:06:00.000000
77,33,15,IT,pending,false,2023-02-03T06:15:00.000000
30,54,8,NG,pending,true,2023-07-23T23:30:00.000000
259,51,20,GB,suspended,false,2023-07-30T11:49:00.000000
167,21,9,GB,active,false,2024-01-29T11:47:00.000000
271,90,13,US,pending,true,2024-08-19T03:49:00.000000
70,28,31,DE,active,true,2023-11-23T14:53:00.000000
110,59,10,MX,active,true,2023-05-18T16:47:00.000000
162,83,18,NG,suspended,false,2023-01-05T10:23:00.000000
253,41,22,IN,suspended,true,2023-05-27T17:20:00.000000
246,46,14,MX,pending,false,2024-08-07T06:38:00.000000
169,55,13,ES,suspended,true,2024-05-03T16:50:00.000000
61,28,39,NG,inactive,true,2024-02-24T23:59:00.000000
66,39,3,GB,pending,true,2023-07-27T18:51:00.000000
72,76,38,FR,inactive,true,2023-05-11T18:50:00.000000
132,65,29,DE,active,false,2024-09-15T18:47:00.000000
116,69,17,IN,pending,true,2023-12-08T23:18:00.000000
46,75,29,KE,active,true,2024-02-27T18:49:00.000000
276,78,29,NG,suspended,true,2023-07-19T22:52:00.000000
26,31,30,GB,active,true,2023-08-04T20:51:00.000000
289,90,23,FR,suspended,false,2024-03-12T17:40:00.000000
89,80,27,KE,active,false,2024-07-23T00:11:00.000000
60,90,27,GB,suspended,true,2024-06-13T16:35:00.000000
116,28,4,CA,inactive,false,2023-09-19T19:59:00.000000
289,22,14,NG,suspended,true,2024-04-12T01:12:00.000000
103,25,22,US,pending,false,2024-09-13T09:44:00.000000
258,20,3,DE,active,false,2023-08-05T18:06:00.000000
291,53,20,FR,inactive,false,2024-05-07T04:24:00.000000
158,22,6,NG,inactive,true,2024-07-12T10:42:00.000000
217,52,24,MX,inactive,false,2024-04-04T11:37:00.000000
168,57,34,JP,pending,true,2024-02-27T16:56:00.000000
3,40,31,MX,inactive,false,2024-09-13T23:57:00.000000
11,86,21,ES,pending,true,2024-01-29T09:58:00.000000
157,79,9,DE,pending,false,2023-11-22T19:59:00.000000
113,61,12,NG,active,true,2023-07-25T00:15:00.000000
44,20,4,FR,suspended,false,2024-01-12T22:11:00.000000
115,76,17,KE,pending,true,2024-01-16T21:01:00.000000
144,61,31,US,active,false,2024-02-23T20:54:00.000000
175,48,31,IN,suspended,true,2023-02-17T20:32:00.000000
138,46,29,NG,active,true,2023-04-18T20:20:00.000000
266,62,20,GB,suspended,false,2024-09-16T04:33:00.000000
195,25,29,US,active,true,2023-08-20T12:13:00.000000
12,20,34,DE,active,true,2024-07-10T22:35:00.000000
63,74,5,IT,inactive,false,2023-08-11T00:02:00.000000
169,83,31,US,inactive,false,2024-07-06T18:40:00.000000
178,43,38,GB,active,true,2023-08-30T07:30:00.000000
72,68,17,ES,suspended,true,2023-04-04T00:03:00.000000
59,37,34,CA,suspended,true,2024-08-17T00:39:00.000000
129,40,7,IT,inactive,false,2023-01-07T21:51:00.000000
74,47,36,JP,active,false,2024-09-11T21:45:00.000000
294,28,8,IN,inactive,true,2024-08-16T09:38:00.000000
22,68,26,ES,inactive,true,2023-06-11T07:20:00.000000
178,23,5,IT,suspended,false,2024-01-12T19:49:00.000000
40,40,9,NG,pending,true,2023-08-06T04:35:00.000000
48,58,24,NG,pending,true,2024-02-05T17:15:00.000000
53,18,6,GB,active,true,2024-06-12T00:03:00.000000
154,76,27,IT,inactive,false,2023-05-16T16:32:00.000000
163,86,35,CA,inactive,false,2023-03-06T15:13:00.000000
128,85,13,IN,active,false,2023-03-19T07:43:00.000000
138,38,9,IN,inactive,false,2024-01-24T07:24:00.000000
272,22,0,GB,pending,true,2024-07-02T17:54:00.000000
26,72,35,IN,pending,false,2024-06-25T13:55:00.000000
186,46,39,MX,pending,false,2024-02-06T20:31:00.000000
16,50,7,IN,suspended,true,2024-07-06T18:07:00.000000
41,84,6,FR,pending,true,2024-02-20T05:39:00.000000
72,74,5,KE,suspended,false,2024-03-16T21:30:00.000000
205,42,21,JP,pending,true,2023-11-26T07:42:00.000000
191,23,7,FR,inactive,false,2024-05-28T12:14:00.000000
124,95,37,US,active,false,2023-04-29T11:33:00.000000
49,66,35,CA,suspended,false,2023-11-03T10:46:00.000000
169,70,23,IN,inactive,true,2023-05-08T04:38:00.000000
141,69,26,IN,pending,true,2023-05-30T10:54:00.000000
5,83,25,ES,active,true,2023-08-13T19:25:00.000000
264,72,4,US,pending,false,2023-06-06T21:08:00.000000
165,52,26,GB,inactive,true,2024-04-10T08:27:00.000000
58,74,28,NG,pending,true,2024-03-11T23:27:00.000000
181,61,19,DE,pending,false,2023-09-03T13:08:00.000000
65,90,27,FR,pending,false,2024-05-24T22:56:00.000000
139,21,28,IN,inactive,false,2023-12-05T07:36:00.000000
208,28,25,KE,pending,true,2024-07-06T01:37:00.000000
47,78,39,GB,pending,true,2023-12-07T15:59:00.000000
296,71,34,IT,pending,false,2023-02-19T10:05:00.000000
271,38,38,NG,suspended,false,2023-09-13T13:41:00.000000
244,73,8,MX,active,true,2023-07-15T22:26:00.000000
289,38,29,IT,suspended,false,2024-04-21T19:34:00.000000
215,87,38,US,inactive,false,2024-05-19T05:48:00.000000
275,83,30,ES,suspended,false,2023-04-25T02:12:00.000000
202,82,24,NG,inactive,true,2023-03-07T13:18:00.000000
155,82,6,ES,inactive,true,2024-07-03T16:05:00.000000
113,40,21,ES,pending,false,2023-08-28T05:50:00.000000
155,52,17,US,suspended,false,2023-05-22T06:57:00.000000
282,70,40,IN,suspended,false,2024-07-13T23:05:00.000000
69,79,9,US,active,true,2023-08-18T16:40:00.000000
28,54,16,FR,active,false,2023-07-12T17:44:00.000000
261,62,2,DE,pending,true,2023-10-14T20:47:00.000000
57,76,6,GB,inactive,false,2023-09-04T06:41:00.000000
90,68,10,JP,suspended,true,2023-05-31T11:34:00.000000
124,88,2,GB,active,false,2024-02-21T15:03:00.000000
111,66,0,IT,pending,false,2024-01-18T13:07:00.000000
223,54,20,NG,inactive,false,2023-10-09T08:36:00.000000
141,48,21,IT,pending,false,2023-05-31T19:24:00.000000
280,63,2,IT,pending,true,2024-07-15T20:50:00.000000
11,87,10,US,suspended,true,2024-08-30T12:59:00.000000
129,87,26,NG,suspended,true,2024-03-02T00:20:00.000000
276,85,28,GB,inactive,true,2023-11-11T10:12:00.000000
139,46,39,CA,pending,true,2024-07-19T22:28:00.000000
272,51,1,DE,inactive,false,2024-02-19T15:24:00.000000
135,20,27,JP,inactive,true,2024-09-06T21:38:00.000000
243,27,35,FR,suspended,false,2023-09-22T04:25:00.000000
65,51,36,ES,pending,false,2024-08-13T13:41:00.000000
207,67,25,JP,active,true,2023-09-08T17:52:00.000000
54,38,7,GB,pending,true,2024-01-03T19:47:00.000000
192,51,25,JP,suspended,true,2023-03-28T06:53:00.000000
36,93,3,JP,pending,true,2023-09-03T00:53:00.000000
279,50,1,MX,active,false,2023-01-22T09:26:00.000000
186,80,8,FR,inactive,true,2023-10-03T00:02:00.000000
279,20,15,KE,suspended,true,2024-07-06T07:26:00.000000
285,38,32,FR,suspended,true,2023-07-03T16:41:00.000000
260,79,31,IN,active,false,2024-07-05T07:17:00.000000
298,32,24,NG,active,false,2023-08-03T21:03:00.000000
16,46,20,KE,suspended,true,2024-04-24T00:13:00.000000
158,37,8,DE,suspended,true,2023-12-01T18:18:00.000000
229,32,18,CA,active,false,2024-04-11T06:33:00.000000
68,67,39,IN,inactive,true,2024-04-24T09:30:00.000000
80,25,8,JP,suspended,true,2024-08-08T15:30:00.000000
39,40,36,DE,pending,true,2023-08-03T20:09:00.000000
297,26,36,ES,suspended,false,2024-01-03T05:47:00.000000
73,30,8,NG,suspended,false,2023-05-17T04:53:00.000000
111,77,35,ES,suspended,true,2023-04-19T03:50:00.000000
248,88,9,IT,suspended,false,2023-12-29T04:41:00.000000
172,77,9,IT,active,true,2024-09-05T08:40:00.000000
187,21,37,GB,suspended,true,2023-08-30T07:02:00.000000
150,25,15,CA,inactive,false,2024-08-03T13:22:00.000000
82,52,12,MX,inactive,true,2023-02-03T14:22:00.000000
80,24,1,NG,inactive,false,2023-08-24T08:45:00.000000
196,85,13,KE,active,false,2024-07-09T19:45:00.000000
226,78,31,IT,suspended,true,2023-12-03T11:42:00.000000
208,44,35,KE,pending,true,2023-06-22T13:10:00.000000
61,63,29,IT,inactive,true,2024-07-29T15:40:00.000000
75,94,23,US,inactive,true,2023-10-26T01:44:00.000000
139,74,30,CA,suspended,false,2023-01-24T07:07:00.000000
152,32,40,CA,pending,false,2023-11-16T06:58:00.000000
5,61,27,ES,pending,true,2024-01-27T08:39:00.000000
276,58,33,ES,inactive,true,2024-05-30T03:51:00.000000
5,66,0,FR,inactive,false,2024-03-24T18:53:00.000000
68,67,26,GB,inactive,false,2023-04-27T23:55:00.000000
195,55,15,IN,pending,true,2023-06-11T04:06:00.000000
288,28,24,IN,inactive,false,2024-04-10T17:44:00.000000
52,47,17,IT,active,true,2024-06-01T18:11:00.000000
236,74,39,KE,active,true,2024-08-03T16:15:00.000000
16,89,1,IN,inactive,true,2023-06-11T20:15:00.000000
222,62,33,IN,suspended,false,2024-03-09T18:13:00.000000
217,72,20,DE,suspended,false,2023-10-15T18:02:00.000000
142,73,6,KE,active,false,2023-03-14T23:11:00.000000
190,73,32,ES,pending,true,2024-05-07T02:30:00.000000
210,93,15,NG,inactive,false,2023-04-22T05:18:00.000000
208,52,27,NG,active,true,2023-06-16T01:16:00.000000
237,41,16,CA,suspended,true,2024-04-22T20:29:00.000000
28,37,8,KE,active,true,2024-09-04T16:32:00.000000
51,24,33,US,pending,true,2023-09-09T22:33:00.000000
242,60,29,GB,inactive,false,2023-01-15T07:01:00.000000
20,63,36,IT,suspended,true,2024-09-06T10:02:00.000000
1,66,35,ES,inactive,true,2023-11-12T13:07:00.000000
22,26,23,FR,pending,true,2024-07-24T07:31:00.000000
57,93,16,KE,inactive,false,2024-06-27T10:51:00.000000
72,58,7,FR,pending,false,2023-12-06T12:56:00.000000
272,91,5,CA,inactive,true,2023-11-20T12:43:00.000000
261,40,22,MX,suspended,true,2024-01-20T19:10:00.000000
183,36,25,ES,active,true,2023-04-12T22:53:00.000000
283,32,28,CA,active,true,2023-12-08T15:56:00.000000
139,86,23,US,active,true,2024-02-13T19:31:00.000000
291,44,26,GB,pending,false,2024-06-27T09:02:00.000000
183,79,32,DE,pending,true,2024-08-17T14:32:00.000000
243,47,28,MX,active,false,2023-05-11T00:34:00.000000
126,63,31,MX,pending,false,2023-01-20T17:56:00.000000
123,85,24,FR,inactive,true,2023-10-07T06:58:00.000000
55,38,34,KE,suspended,false,2023-07-25T00:08:00.000000
288,44,1,CA,inactive,true,2024-02-11T11:11:00.000000
184,56,3,GB,active,false,2023-12-16T15:10:00.000000
82,39,31,IN,suspended,true,2023-01-09T04:55:00.000000
60,35,20,US,active,false,2024-06-28T05:53:00.000000
21,69,14,ES,pending,true,2024-05-13T21:31:00.000000
161,72,6,FR,suspended,false,2023-02-09T05:09:00.000000
217,80,1,MX,suspended,false,2024-09-13T01:09:00.000000
178,62,22,MX,suspended,false,2023-10-15T00:17:00.000000
130,22,4,KE,inactive,false,2023-08-01T04:22:00.000000
29,86,11,MX,suspended,true,2023-03-02T06:48:00.000000
223,27,30,KE,pending,true,2023-10-20T03:35:00.000000
213,21,7,DE,suspended,true,2024-04-06T17:31:00.000000
193,65,14,NG,active,true,2024-07-16T22:57:00.000000
184,49,9,GB,suspended,false,2024-07-18T07:36:00.000000
151,37,29,CA,suspended,false,2023-05-13T23:33:00.000000
175,45,4,DE,active,false,2024-06-18T15:34:00.000000
226,68,10,IN,active,true,2024-05-17T19:44:00.000000
122,74,40,IT,pending,true,2023-04-10T23:07:00.000000
266,83,17,GB,pending,false,2023-01-27T00:06:00.000000
74,93,30,FR,pending,true,2024-02-11T08:57:00.000000
29,52,23,KE,suspended,false,2024-05-24T09:02:00.000000
175,72,11,JP,suspended,false,2024-04-13T20:21:00.000000
59,94,14,US,suspended,true,2023-06-26T18:25:00.000000
263,61,2,JP,inactive,false,2023-04-29T08:06:00.000000
89,79,18,KE,inactive,true,2023-01-14T23:43:00.000000
279,61,28,GB,inactive,false,2023-05-10T13:48:00.000000
250,28,34,MX,inactive,true,2023-11-03T12:46:00.000000
175,93,35,DE,active,true,2023-08-29T08:14:00.000000
63,25,29,IN,active,false,2023-04-18T12:31:00.000000
299,35,38,NG,inactive,true,2024-08-23T20:23:00.000000
12,89,18,GB,suspended,true,2023-07-11T03:33:00.000000
246,78,15,GB,pending,true,2023-01-23T11:37:00.000000
108,40,0,IN,pending,true,2024-02-10T20:40:00.000000
197,29,19,ES,pending,false,2023-08-16T18:20:00.000000
90,19,30,CA,active,false,2023-03-04T18:35:00.000000
204,26,9,DE,inactive,false,2023-01-01T23:09:00.000000
117,21,12,KE,inactive,true,2023-08-09T13:43:00.000000
52,41,12,KE,pending,true,2023-06-07T03:25:00.000000
128,53,11,JP,inactive,true,2023-04-08T07:14:00.000000
172,42,19,FR,active,true,2023-08-25T02:13:00.000000
169,76,4,MX,pending,false,2024-02-05T07:21:00.000000
126,69,16,US,suspended,true,2023-09-30T18:11:00.000000
237,87,10,IN,pending,true,2023-06-10T01:54:00.000000
242,83,25,JP,pending,true,2024-05-27T02:03:00.000000
190,52,40,JP,inactive,true,2023-06-17T10:09:00.000000
253,51,37,NG,suspended,true,2023-05-16T18:24:00.000000
100,89,19,FR,inactive,true,2024-04-29T15:38:00.000000
222,67,11,ES,pending,false,2023-08-02T12:22:00.000000
226,31,29,NG,inactive,true,2023-08-27T00:02:00.000000
205,68,25,ES,pending,true,2023-08-14T09:57:00.000000
278,77,5,ES,inactive,true,2023-02-03T19:05:00.000000
62,48,22,CA,inactive,false,2023-03-12T02:51:00.000000
293,27,38,DE,suspended,false,2023-09-30T12:15:00.000000
250,58,22,DE,pending,false,2024-07-23T08:05:00.000000
137,35,14,MX,active,false,2023-07-29T11:53:00.000000
65,95,0,FR,active,false,2024-09-12T17:11:00.000000
77,21,34,FR,active,true,2023-02-03T06:00:00.000000
7,66,39,KE,suspended,false,2023-12-22T03:29:00.000000
193,25,10,IT,pending,true,2023-02-20T16:33:00.000000
213,55,29,MX,active,false,2024-07-30T14:47:00.000000
56,62,39,IT,suspended,true,2023-12-13T02:50:00.000000
14,20,8,GB,suspended,false,2024-07-03T19:56:00.000000
39,74,18,ES,pending,true,2023-12-09T03:56:00.000000
94,58,24,IT,suspended,true,2023-06-27T11:54:00.000000
235,92,9,CA,suspended,false,2023-05-10T21:32:00.000000
194,19,21,IT,pending,true,2024-05-12T21:01:00.000000
258,86,21,JP,pending,false,2023-08-26T04:28:00.000000
148,58,16,CA,suspended,true,2023-07-11T11:25:00.000000
80,68,0,NG,active,false,2024-04-14T07:08:00.000000
79,24,9,MX,active,false,2024-07-07T13:42:00.000000
269,92,12,FR,inactive,true,2023-08-30T04:10:00.000000
55,75,16,FR,pending,true,2023-04-25T04:59:00.000000
131,30,13,ES,active,true,2023-12-26T18:40:00.000000
10,72,40,FR,pending,false,2024-08-19T16:08:00.000000
238,69,0,JP,active,false,2024-05-03T22:17:00.000000
204,33,3,FR,active,false,2023-02-22T02:51:00.000000
117,90,2,GB,suspended,true,2024-01-10T23:24:00.000000
276,20,29,DE,pending,true,2024-02-16T08:03:00.000000
201,19,18,IN,inactive,true,2024-09-08T03:23:00.000000
3,89,14,JP,inactive,false,2023-12-22T01:55:00.000000
279,94,33,MX,suspended,true,2023-09-04T14:04:00.000000
128,70,7,IN,inactive,true,2023-05-11T10:42:00.000000
217,62,4,KE,pending,false,2024-06-27T15:40:00.000000
82,40,38,GB,pending,true,2023-03-19T04:19:00.000000
92,69,9,NG,active,true,2024-07-05T21:59:00.000000
176,23,12,IN,inactive,true,2023-10-18T18:31:00.000000
123,36,11,CA,inactive,false,2024-06-11T16:05:00.000000
39,54,1,ES,pending,false,2023-02-01T05:06:00.000000
275,84,27,GB,suspended,false,2023-06-11T17:21:00.000000
286,70,10,FR,pending,true,2023-02-06T13:30:00.000000
83,39,10,NG,suspended,true,2023-11-26T01:17:00.000000
90,90,28,NG,suspended,false,2023-05-02T02:00:00.000000
193,78,20,IN,suspended,false,2024-02-03T08:25:00.000000
300,55,3,IN,suspended,false,2024-04-02T02:54:00.000000
12,92,28,GB,pending,true,2024-02-24T01:55:00.000000
263,94,39,MX,active,true,2024-01-05T14:03:00.000000
112,50,32,IN,suspended,false,2024-09-04T22:40:00.000000
219,22,22,KE,suspended,false,2024-07-15T16:43:00.000000
121,68,18,IN,suspended,false,2023-02-09T07:37:00.000000
21,87,37,CA,suspended,true,2023-07-01T06:27:00.000000
265,93,8,DE,inactive,false,2023-01-31T08:53:00.000000
98,70,34,US,pending,false,2024-09-04T23:54:00.000000
259,36,39,JP,suspended,false,2024-03-08T06:26:00.000000
275,59,33,IT,inactive,true,2024-01-01T03:34:00.000000
40,39,3,FR,inactive,true,2023-09-21T01:52:00.000000
127,76,15,IN,suspended,false,2023-02-14T04:46:00.000000
204,68,7,JP,pending,true,2024-05-07T05:37:00.000000
239,91,28,US,active,true,2024-03-30T06:10:00.000000
61,89,31,IN,inactive,true,2024-05-26T02:47:00.000000
291,34,14,US,active,false,2024-08-20T23:29:00.000000
25,82,32,KE,pending,true,2023-09-16T10:32:00.000000
199,28,20,GB,active,true,2024-03-20T18:49:00.000000
46,95,7,US,suspended,true,2024-02-06T07:36:00.000000
287,93,19,JP,active,true,2024-08-23T09:09:00.000000
49,68,9,DE,pending,true,2024-04-26T12:27:00.000000
246,51,17,CA,active,true,2024-06-18T02:32:00.000000
24,68,40,MX,active,false,2024-08-27T04:50:00.000000
266,80,26,IN,pending,true,2023-04-03T13:52:00.000000
123,22,16,MX,inactive,false,2023-06-13T22:58:00.000000
7,55,7,GB,active,false,2023-06-19T05:19:00.000000
11,38,1,GB,pending,false,2023-08-08T03:55:00.000000
160,52,0,IN,inactive,true,2024-07-28T19:36:00.000000
239,67,23,KE,inactive,true,2023-11-04T13:16:00.000000
143,53,32,US,pending,false,2023-02-06T04:05:00.000000
213,33,11,NG,inactive,true,2023-08-25T22:38:00.000000
86,50,3,KE,pending,true,2023-04-03T03:52:00.000000
69,19,20,KE,inactive,false,2023-12-31T02:33:00.000000
288,33,10,JP,suspended,false,2023-03-26T08:52:00.000000
163,31,2,IN,active,false,2023-06-13T20:38:00.000000
274,77,2,NG,active,false,2024-01-07T03:36:00.000000
230,37,1,US,pending,true,2024-09-12T00:38:00.000000
257,77,16,IN,pending,false,2023-06-25T11:30:00.000000
214,48,15,ES,suspended,false,2024-02-21T12:31:00.000000
284,48,1,IT,active,false,2023-02-20T19:50:00.000000
86,23,18,IN,suspended,false,2023-09-08T20:10:00.000000
203,46,30,US,suspended,false,2024-06-25T16:44:00.000000
200,28,38,NG,pending,false,2023-04-18T06:51:00.000000
103,31,31,GB,active,true,2023-06-11T14:46:00.000000
254,30,21,NG,active,false,2023-07-13T05:21:00.000000
143,22,37,GB,pending,false,2024-08-01T09:11:00.000000
185,92,5,IN,suspended,true,2024-01-05T19:40:00.000000
78,32,12,CA,pending,false,2023-12-22T18:16:00.000000
133,23,11,DE,pending,false,2024-01-14T22:45:00.000000
291,50,22,ES,inactive,false,2024-09-16T16:44:00.000000
144,71,5,MX,suspended,false,2024-03-18T06:51:00.000000
90,36,23,US,suspended,false,2024-02-29T18:32:00.000000
43,62,9,NG,inactive,true,2024-05-13T20:16:00.000000
185,32,23,KE,pending,false,2023-07-28T00:00:00.000000
173,24,12,ES,active,true,2023-01-02T02:51:00.000000
74,67,29,FR,suspended,true,2024-09-10T22:19:00.000000
133,46,24,DE,pending,false,2023-04-05T09:40:00.000000
131,38,28,US,suspended,true,2024-08-04T08:35:00.000000
130,86,22,IT,pending,true,2024-08-24T16:49:00.000000
179,91,39,DE,inactive,false,2024-07-11T23:50:00.000000
197,80,37,ES,pending,true,2024-04-11T03:51:00.000000
143,39,5,IT,suspended,true,2023-09-03T05:03:00.000000
290,63,15,IT,pending,false,2023-11-20T07:46:00.000000
240,95,14,IT,inactive,true,2023-10-29T19:50:00.000000
7,68,6,DE,suspended,false,2024-03-16T16:12:00.000000
77,83,15,JP,pending,false,2023-08-30T23:08:00.000000
67,90,5,IN,pending,true,2024-03-29T18:12:00.000000
130,39,19,MX,inactive,true,2023-03-20T13:45:00.000000
116,59,33,ES,inactive,false,2023-04-22T12:05:00.000000
101,85,23,US,inactive,false,2023-05-31T13:02:00.000000
37,27,5,IN,pending,false,2024-01-11T09:52:00.000000
297,24,7,JP,active,true,2023-09-27T00:08:00.000000
276,19,37,NG,active,true,2024-09-07T13:07:00.000000
102,91,38,DE,inactive,false,2024-02-21T13:52:00.000000
279,56,23,FR,inactive,false,2024-04-24T05:54:00.000000
220,30,15,KE,inactive,true,2024-05-20T10:55:00.000000
123,75,35,US,active,true,2024-05-01T14:23:00.000000
296,29,18,US,suspended,true,2023-04-26T10:18:00.000000
72,18,40,ES,inactive,false,2023-11-23T18:18:00.000000
284,24,19,MX,inactive,true,2023-12-03T09:38:00.000000
236,53,7,IT,pending,true,2023-09-23T11:05:00.000000
201,88,10,GB,suspended,false,2023-11-01T21:16:00.000000
101,57,26,ES,suspended,true,2023-03-14T04:51:00.000000
43,93,13,NG,active,false,2023-11-18T09:58:00.000000
40,50,29,KE,active,false,2023-11-14T04:53:00.000000
79,76,8,JP,suspended,true,2024-03-27T19:08:00.000000
30,67,12,IT,inactive,true,2023-07-16T17:50:00.000000
16,33,5,MX,suspended,true,2024-03-14T21:54:00.000000
208,46,27,GB,active,true,2024-08-10T17:03:00.000000
196,57,4,NG,inactive,false,2024-01-10T01:27:00.000000
214,34,24,US,active,false,2023-01-30T08:47:00.000000
71,83,9,KE,pending,false,2023-01-06T15:21:00.000000
67,82,36,MX,pending,true,2023-09-14T19:12:00.000000
276,21,15,ES,inactive,false,2023-10-01T12:22:00.000000
280,64,19,IT,pending,false,2023-03-13T22:53:00.000000
38,75,16,JP,active,false,2023-05-22T23:05:00.000000
124,30,38,KE,suspended,true,2023-09-11T18:32:00.000000
196,73,32,IN,active,true,2023-05-16T00:23:00.000000
72,37,36,JP,active,true,2023-01-31T15:01:00.000000
147,53,30,US,inactive,true,2023-03-16T08:09:00.000000
104,32,24,GB,pending,true,2024-02-19T13:50:00.000000
204,65,7,US,suspended,true,2023-01-12T15:47:00.000000
183,50,6,KE,active,true,2024-04-13T11:07:00.000000
92,45,23,KE,inactive,true,2024-01-22T18:34:00.000000
116,60,29,ES,active,true,2024-07-02T14:28:00.000000
153,36,30,CA,active,true,2023-12-13T06:11:00.000000
74,89,25,JP,active,false,2024-07-09T18:19:00.000000
179,46,13,NG,pending,false,2024-07-16T07:46:00.000000
252,18,37,ES,active,true,2024-08-05T00:00:00.000000
275,47,21,US,suspended,true,2024-04-29T16:31:00.000000
150,79,9,MX,inactive,true,2023-01-14T17:11:00.000000
46,63,40,GB,pending,false,2024-08-15T18:50:00.000000
264,34,17,JP,inactive,true,2024-07-09T18:21:00.000000
154,70,20,ES,active,true,2024-01-31T02:47:00.000000
107,61,40,DE,active,true,2023-06-14T03:58:00.000000
238,72,12,GB,inactive,false,2023-11-28T15:00:00.000000
12,74,38,CA,inactive,false,2024-04-16T09:14:00.000000
149,32,2,IN,inactive,false,2023-05-02T00:24:00.000000
53,50,25,ES,active,true,2023-07-16T08:22:00.000000
191,24,17,DE,pending,false,2023-10-08T00:29:00.000000
228,85,20,US,active,true,2023-03-12T09:27:00.000000
131,55,6,KE,pending,true,2023-03-12T15:53:00.000000
30,83,40,CA,active,false,2023-02-05T14:00:00.000000
27,58,8,GB,inactive,false,2024-03-07T01:04:00.000000
162,43,13,DE,inactive,false,2023-03-28T00:52:00.000000
82,44,23,DE,active,false,2024-02-12T09:28:00.000000
68,47,30,JP,active,true,2023-08-18T20:22:00.000000
53,48,40,US,inactive,true,2023-06-25T02:56:00.000000
58,66,20,IN,inactive,false,2024-01-02T02:22:00.000000
223,62,36,ES,suspended,false,2023-06-09T00:33:00.000000
126,50,2,KE,inactive,false,2023-12-01T19:21:00.000000
107,18,3,FR,inactive,false,2024-09-10T13:07:00.000000
259,80,29,ES,active,false,2023-12-08T01:57:00.000000
260,82,8,FR,suspended,false,2023-04-19T12:39:00.000000
204,35,29,IN,suspended,true,2023-09-01T21:42:00.000000
63,72,31,NG,active,false,2023-02-09T09:19:00.000000
109,79,32,MX,inactive,true,2023-11-11T09:59:00.000000
197,29,13,JP,suspended,false,2023-03-22T15:14:00.000000
265,84,17,MX,pending,true,2023-06-09T14:02:00.000000
69,53,16,NG,suspended,false,2023-03-16T07:46:00.000000
297,30,39,KE,pending,true,2024-06-05T11:46:00.000000
131,46,9,MX,pending,true,2023-08-19T02:27:00.000000
2,31,18,IN,suspended,false,2023-04-02T17:53:00.000000
62,72,7,JP,suspended,false,2023-10-08T21:50:00.000000
104,69,20,US,inactive,true,2024-04-15T03:36:00.000000
289,36,14,KE,pending,true,2024-06-17T10:02:00.000000
194,32,21,US,suspended,true,2024-05-28T11:29:00.000000
247,74,20,ES,suspended,false,2023-12-17T08:59:00.000000
280,84,12,GB,suspended,false,2023-01-29T18:23:00.000000
119,45,7,GB,active,true,2023-07-22T15:24:00.000000
138,38,26,IT,inactive,true,2023-02-25T21:41:00.000000
20,45,13,CA,pending,true,2024-07-22T08:46:00.000000
86,52,26,US,inactive,false,2023-06-10T10:49:00.000000
284,64,8,ES,active,false,2023-03-14T08:38:00.000000
258,59,32,MX,pending,false,2023-08-03T18:35:00.000000
120,62,34,NG,suspended,true,2023-05-11T12:31:00.000000
211,50,5,FR,active,false,2024-09-04T04:40:00.000000
141,90,24,NG,inactive,false,2023-02-17T23:00:00.000000
216,37,1,JP,pending,true,2024-04-04T06:37:00.000000
205,21,24,IT,inactive,false,2023-01-25T03:00:00.000000
140,46,8,JP,suspended,true,2024-01-15T03:29:00.000000
253,50,25,IN,suspended,false,2023-02-09T18:56:00.000000
51,79,22,MX,inactive,false,2023-05-25T19:08:00.000000
67,94,39,KE,inactive,false,2023-09-09T15:04:00.000000
96,86,33,KE,active,true,2023-02-19T15:07:00.000000
287,20,25,ES,pending,false,2024-02-27T07:30:00.000000
9,61,38,GB,suspended,false,2023-11-14T12:02:00.000000
233,20,9,JP,pending,true,2024-07-01T19:02:00.000000
23,40,5,FR,pending,true,2024-05-20T05:02:00.000000
251,43,33,DE,pending,true,2024-02-08T04:01:00.000000
110,51,14,CA,suspended,false,2024-08-10T00:15:00.000000
202,47,12,IN,inactive,true,2024-01-25T12:30:00.000000
276,27,31,CA,inactive,false,2023-11-29T16:20:00.000000
173,72,30,NG,pending,false,2023-06-16T18:59:00.000000
125,65,24,CA,pending,true,2024-03-02T04:18:00.000000
49,65,20,IT,pending,true,2024-04-12T01:59:00.000000
40,42,16,US,pending,true,2023-02-15T23:39:00.000000
22,31,35,NG,suspended,false,2023-01-22T03:00:00.000000
217,18,0,ES,pending,false,2023-08-16T06:57:00.000000
227,68,33,DE,inactive,true,2024-09-07T02:34:00.000000
97,61,33,NG,active,false,2023-01-25T13:04:00.000000
89,91,16,US,suspended,false,2024-08-04T22:39:00.000000
258,60,1,CA,inactive,true,2024-04-08T00:38:00.000000
98,70,24,IT,pending,true,2024-06-13T05:44:00.000000
261,61,33,FR,inactive,true,2023-07-10T14:49:00.000000
198,93,25,US,active,true,2023-02-28T00:07:00.000000
268,50,9,KE,suspended,false,2023-06-17T03:49:00.000000
185,69,10,DE,suspended,false,2024-07-26T15:14:00.000000
101,53,39,JP,pending,true,2024-06-18T21:44:00.000000
120,63,16,IT,pending,true,2023-11-25T13:41:00.000000
185,27,6,MX,active,true,2023-09-11T18:15:00.000000
34,73,26,FR,inactive,true,2023-07-27T20:03:00.000000
175,46,7,IT,inactive,true,2024-02-22T14:45:00.000000
27,78,30,US,inactive,false,2024-05-29T09:26:00.000000
235,62,25,MX,pending,false,2023-08-07T03:25:00.000000
23,54,3,FR,pending,false,2024-05-23T13:15:00.000000
91,21,31,NG,inactive,true,2023-07-14T21:37:00.000000
76,31,5,CA,inactive,true,2024-02-28T19:12:00.000000
147,94,36,KE,inactive,false,2023-12-18T13:22:00.000000
241,85,5,CA,inactive,false,2024-02-28T07:54:00.000000
23,24,14,IN,inactive,true,2024-01-15T16:44:00.000000
299,39,21,CA,active,false,2024-03-08T15:32:00.000000
257,46,24,ES,suspended,true,2023-07-23T23:16:00.000000
34,86,39,ES,inactive,false,2024-01-15T02:58:00.000000
290,74,21,NG,suspended,true,2023-03-01T22:28:00.000000
203,55,22,CA,suspended,true,2024-04-28T09:55:00.000000
48,72,16,ES,pending,false,2023-09-10T15:15:00.000000
205,69,15,DE,active,true,2023-08-21T12:05:00.000000
263,18,26,NG,pending,false,2024-06-22T23:17:00.000000
294,26,8,KE,inactive,true,2024-08-11T20:23:00.000000
155,68,14,MX,inactive,false,2024-04-02T02:21:00.000000
202,37,25,JP,inactive,false,2023-10-14T12:19:00.000000
138,93,39,KE,suspended,true,2023-02-16T15:12:00.000000
181,44,2,IT,suspended,false,2024-03-04T11:04:00.000000
241,78,15,IT,inactive,false,2023-01-09T13:42:00.000000
26,68,12,JP,active,true,2023-05-10T23:12:00.000000
283,81,36,IN,active,true,2023-01-26T02:36:00.000000
245,30,9,JP,active,true,2023-02-26T17:12:00.000000
9,70,36,KE,active,false,2023-04-08T01:16:00.000000
219,39,21,NG,suspended,false,2023-10-13T17:01:00.000000
156,81,11,ES,inactive,true,2023-11-23T04:02:00.000000
163,45,6,FR,active,false,2024-08-30T11:58:00.000000
77,57,13,IT,active,false,2024-08-07T15:08:00.000000
285,89,26,IT,inactive,true,2023-09-04T02:56:00.000000
143,22,3,GB,active,true,2023-06-10T14:16:00.000000
34,56,32,GB,suspended,false,2023-03-16T18:33:00.000000
185,55,21,KE,pending,false,2024-07-29T23:07:00.000000
213,35,34,NG,inactive,false,2023-06-15T19:16:00.000000
201,50,23,GB,pending,false,2023-04-15T12:11:00.000000
267,83,22,MX,suspended,false,2024-02-25T18:20:00.000000
13,56,27,US,suspended,true,2024-04-10T18:48:00.000000
295,78,14,FR,suspended,true,2023-02-02T10:04:00.000000
298,35,22,JP,suspended,false,2023-08-31T20:33:00.000000
59,73,24,US,suspended,true,2023-06-16T07:33:00.000000
19,60,4,IT,pending,true,2024-05-20T11:57:00.000000
294,84,14,IT,active,true,2023-10-14T12:31:00.000000
272,59,29,IN,pending,false,2023-03-26T07:56:00.000000
8,44,8,MX,pending,false,2023-11-13T04:38:00.000000
52,53,22,GB,active,true,2023-08-22T11:59:00.000000
171,23,40,FR,suspended,false,2023-02-11T14:35:00.000000
173,57,23,NG,suspended,true,2023-07-07T13:56:00.000000
189,82,5,FR,pending,true,2024-01-16T19:10:00.000000
283,91,29,MX,suspended,false,2023-03-25T01:52:00.000000
18,55,32,CA,pending,true,2023-05-23T04:51:00.000000
190,81,26,MX,active,false,2023-04-23T08:47:00.000000
299,56,24,NG,pending,false,2023-01-28T10:49:00.000000
38,51,16,CA,inactive,false,2023-10-21T13:46:00.000000
249,38,4,IN,pending,false,2023-07-03T07:10:00.000000
43,55,29,MX,active,false,2024-05-10T09:50:00.000000
277,51,29,MX,inactive,true,2023-11-03T01:22:00.000000
229,60,9,ES,inactive,true,2024-03-14T02:25:00.000000
172,37,16,MX,inactive,true,2024-08-15T19:11:00.000000
257,51,0,GB,suspended,true,2023-04-27T07:07:00.000000
279,67,33,ES,active,true,2024-02-14T12:42:00.000000
2,74,23,FR,inactive,true,2023-04-03T23:15:00.000000
83,81,27,DE,suspended,true,2024-08-13T03:46:00.000000
167,39,15,IN,inactive,true,2023-07-14T18:56:00.000000
185,67,22,MX,pending,false,2024-02-20T09:53:00.000000
110,23,29,NG,pending,false,2023-01-14T20:00:00.000000
75,29,21,GB,inactive,true,2024-01-13T09:12:00.000000
298,92,28,ES,suspended,true,2023-09-17T13:14:00.000000
76,44,33,DE,active,true,2023-09-22T08:10:00.000000
56,58,0,JP,suspended,true,2023-02-22T21:57:00.000000
207,24,9,US,pending,true,2023-11-26T14:19:00.000000
163,84,15,JP,inactive,false,2023-05-13T07:53:00.000000
261,57,6,JP,active,true,2024-03-29T00:51:00.000000
216,23,14,GB,active,true,2023-10-11T03:06:00.000000
185,71,17,MX,inactive,true,2023-07-07T20:21:00.000000
175,31,23,IN,suspended,true,2023-07-23T01:25:00.000000
134,59,14,FR,active,true,2024-09-09T04:40:00.000000
189,34,36,US,active,true,2023-08-25T00:49:00.000000
20,19,11,CA,pending,true,2024-04-21T08:43:00.000000
33,62,28,GB,pending,false,2024-08-28T23:41:00.000000
127,48,22,KE,suspended,true,2023-12-07T10:40:00.000000
136,63,23,IN,active,true,2023-06-02T14:01:00.000000
204,84,2,US,inactive,true,2024-05-28T18:27:00.000000
282,73,11,ES,inactive,true,2023-03-07T15:32:00.000000
146,48,24,KE,inactive,true,2023-09-15T09:47:00.000000
294,84,34,US,inactive,true,2023-12-09T09:57:00.000000
43,28,22,NG,suspended,true,2024-05-18T11:44:00.000000
39,22,22,US,inactive,false,2024-08-28T16:46:00.000000
88,60,35,MX,inactive,true,2023-09-29T14:56:00.000000
137,20,36,IN,suspended,true,2023-07-25T02:15:00.000000
212,74,26,KE,pending,false,2024-03-19T16:13:00.000000
43,21,19,US,suspended,true,2023-04-07T06:56:00.000000
65,39,32,NG,inactive,true,2023-08-07T08:56:00.000000
145,53,16,IT,suspended,false,2024-05-15T14:34:00.000000
283,44,29,JP,active,false,2024-05-19T15:28:00.000000
135,72,5,JP,active,false,2023-01-08T10:04:00.000000
121,55,3,ES,active,true,2023-11-01T04:17:00.000000
108,39,6,IN,inactive,true,2023-03-15T05:48:00.000000
51,23,35,MX,active,false,2024-06-16T12:36:00.000000
142,22,17,DE,inactive,true,2024-03-03T13:38:00.000000
246,81,19,ES,pending,true,2024-06-17T21:35:00.000000
25,67,13,GB,pending,true,2024-08-15T05:39:00.000000
263,87,27,IN,active,true,2023-02-20T02:26:00.000000
155,32,35,KE,suspended,false,2024-04-21T02:26:00.000000
105,66,37,IT,suspended,true,2024-03-17T21:39:00.000000
279,54,12,JP,inactive,true,2023-11-22T16:59:00.000000
39,73,15,NG,active,true,2024-01-01T07:14:00.000000
282,24,17,IN,pending,true,2024-02-23T11:05:00.000000
162,47,5,FR,pending,true,2024-08-30T18:48:00.000000
174,60,26,CA,inactive,false,2023-11-26T13:59:00.000000
152,71,25,NG,pending,false,2023-05-26T16:48:00.000000
265,93,32,JP,suspended,true,2023-07-19T00:14:00.000000
69,91,18,FR,inactive,true,2024-01-06T04:16:00.000000
19,80,18,US,pending,true,2023-07-20T18:31:00.000000
227,94,38,FR,pending,true,2024-06-30T13:05:00.000000
187,44,31,IN,active,false,2024-01-07T13:21:00.000000
20,92,5,NG,pending,true,2023-11-16T02:22:00.000000
15,83,26,US,suspended,false,2023-05-25T18:39:00.000000
162,29,14,FR,active,false,2023-07-08T06:47:00.000000
214,61,12,US,inactive,true,2023-12-11T02:18:00.000000
84,69,30,CA,inactive,false,2024-05-05T03:52:00.000000
286,40,7,DE,active,true,2023-03-07T19:48:00.000000
21,48,32,DE,pending,true,2023-04-09T17:41:00.000000
270,84,22,CA,inactive,false,2023-05-14T06:35:00.000000
218,80,36,IN,suspended,false,2024-02-04T12:37:00.000000
95,27,34,NG,pending,true,2023-06-23T23:12:00.000000
102,71,5,IT,active,false,2023-09-05T22:44:00.000000
120,68,2,FR,inactive,true,2024-04-12T05:06:00.000000
59,45,5,JP,active,false,2023-07-18T14:17:00.000000
67,50,20,US,inactive,true,2023-04-07T09:37:00.000000
260,18,15,US,active,false,2024-08-28T05:10:00.000000
63,54,28,NG,pending,true,2023-02-17T08:48:00.000000
137,22,5,FR,inactive,true,2024-01-03T11:29:00.000000
235,51,12,DE,inactive,true,2024-07-18T18:51:00.000000
101,28,2,DE,active,true,2023-04-10T11:23:00.000000
29,41,28,GB,inactive,true,2024-09-15T02:32:00.000000
185,50,8,FR,inactive,true,2024-04-16T04:20:00.000000
234,75,5,IT,inactive,true,2023-04-23T10:19:00.000000
172,73,30,FR,inactive,true,2024-02-13T16:15:00.000000
182,57,4,CA,inactive,false,2023-11-01T14:35:00.000000
113,30,3,GB,inactive,false,2024-08-15T23:47:00.000000
5,56,9,ES,inactive,true,2023-01-21T06:07:00.000000
8,24,31,ES,pending,false,2023-04-09T06:24:00.000000
251,79,8,IT,suspended,true,2023-04-05T19:50:00.000000
17,40,31,MX,inactive,true,2024-05-06T19:44:00.000000
85,50,27,KE,inactive,false,2024-07-23T13:41:00.000000
130,88,30,ES,suspended,false,2024-08-29T17:46:00.000000
283,44,18,IT,inactive,false,2023-01-04T22:55:00.000000
21,34,0,ES,inactive,false,2024-08-06T13:40:00.000000
5,23,38,GB,suspended,false,2023-09-06T16:35:00.000000
118,69,16,IT,suspended,false,2023-06-05T02:56:00.000000
44,88,34,NG,inactive,false,2023-08-22T20:06:00.000000
269,19,40,IN,active,true,2023-12-02T07:39:00.000000
89,90,7,CA,inactive,true,2023-09-03T16:57:00.000000
18,82,38,JP,inactive,false,2024-03-07T04:46:00.000000
271,56,5,NG,inactive,true,2023-12-14T16:06:00.000000
103,18,40,ES,suspended,true,2023-03-03T21:45:00.000000
108,66,34,ES,inactive,true,2024-02-28T12:56:00.000000
227,61,35,GB,suspended,true,2024-06-10T00:11:00.000000
148,30,39,GB,active,false,2024-07-05T12:16:00.000000
125,50,23,KE,pending,true,2024-07-22T07:07:00.000000
252,38,2,MX,active,true,2024-08-09T05:00:00.000000
260,94,14,US,suspended,true,2023-06-30T17:29:00.000000
191,43,34,IN,inactive,false,2023-06-26T11:10:00.000000
167,27,35,MX,suspended,false,2023-12-05T04:09:00.000000
201,40,9,IT,inactive,false,2023-02-22T22:09:00.000000
38,91,1,DE,suspended,false,2024-08-31T00:38:00.000000
100,66,24,DE,suspended,false,2024-06-30T22:36:00.000000
93,85,2,IN,active,true,2024-05-10T01:26:00.000000
97,90,8,CA,active,true,2024-03-13T14:47:00.000000
153,20,21,FR,inactive,true,2023-08-14T08:55:00.000000
298,46,24,GB,inactive,true,2024-06-14T10:53:00.000000
219,69,35,DE,inactive,true,2024-03-10T02:05:00.000000
243,20,4,FR,pending,true,2024-08-07T15:02:00.000000
187,18,38,US,suspended,false,2024-07-24T09:47:00.000000
12,85,28,IN,pending,true,2023-06-19T10:38:00.000000
250,71,19,FR,active,true,2023-10-07T10:29:00.000000
11,40,20,ES,active,true,2023-02-14T17:22:00.000000
54,24,13,IT,suspended,false,2023-08-09T22:52:00.000000
296,68,27,FR,suspended,true,2024-02-05T13:45:00.000000
222,71,30,IN,active,true,2024-04-14T10:07:00.000000
299,42,4,DE,suspended,true,2023-10-10T09:07:00.000000
176,38,24,JP,inactive,false,2023-03-20T03:33:00.000000
174,46,16,JP,suspended,true,2023-10-27T12:48:00.000000
38,29,0,CA,inactive,false,2024-08-17T02:43:00.000000
216,75,40,JP,active,true,2023-01-01T16:00:00.000000
100,87,6,JP,active,true,2024-01-12T20:34:00.000000
264,87,19,US,pending,true,2024-03-08T15:52:00.000000
254,60,14,FR,active,false,2024-03-11T00:52:00.000000
289,50,36,ES,inactive,false,2023-07-31T19:22:00.000000
282,42,36,JP,inactive,true,2024-02-03T00:21:00.000000
257,82,24,MX,inactive,true,2024-08-19T09:39:00.000000
245,94,0,GB,suspended,false,2024-05-07T02:19:00.000000
295,50,25,KE,pending,true,2023-01-12T09:12:00.000000
231,67,4,DE,inactive,false,2023-07-23T19:14:00.000000
242,49,37,KE,inactive,true,2024-07-01T12:44:00.000000
85,55,5,ES,pending,false,2023-02-14T21:18:00.000000
138,50,15,US,pending,true,2023-07-23T23:12:00.000000
269,36,4,GB,suspended,false,2023-05-30T13:11:00.000000
155,52,26,NG,active,false,2023-10-02T02:30:00.000000
289,64,33,JP,suspended,true,2024-03-22T08:37:00.000000
203,92,28,JP,active,false,2023-10-10T20:18:00.000000
277,53,35,MX,suspended,true,2023-11-12T11:21:00.000000
133,82,19,GB,pending,false,2023-06-26T21:00:00.000000
131,46,32,IN,active,false,2023-09-24T09:25:00.000000
159,42,2,CA,pending,true,2023-06-16T12:38:00.000000
8,86,9,GB,active,false,2023-03-06T12:54:00.000000
24,20,31,CA,inactive,false,2023-01-19T18:09:00.000000
235,31,31,GB,suspended,false,2023-03-11T13:33:00.000000
235,45,39,JP,active,true,2023-08-17T13:31:00.000000
183,53,23,IN,pending,true,2023-05-28T20:41:00.000000
119,39,9,GB,inactive,false,2023-05-29T09:24:00.000000
261,59,35,US,inactive,false,2024-03-17T05:32:00.000000
228,46,7,ES,active,false,2023-04-25T12:29:00.000000
108,38,13,JP,suspended,false,2023-11-25T02:04:00.000000
244,22,17,DE,suspended,false,2023-09-14T23:32:00.000000
172,95,34,MX,active,false,2023-08-06T18:03:00.000000
75,46,0,JP,inactive,false,2024-09-10T05:30:00.000000
197,67,31,IN,inactive,true,2024-01-13T22:15:00.000000
224,51,40,US,pending,false,2023-11-15T02:15:00.000000
28,50,37,IT,suspended,true,2023-09-22T00:32:00.000000
57,45,28,IN,suspended,true,2023-11-05T09:29:00.000000
183,51,9,KE,inactive,true,2023-01-07T03:42:00.000000
5,66,9,GB,active,false,2024-03-22T04:23:00.000000
131,23,20,US,pending,false,2023-11-07T23:42:00.000000
278,22,25,KE,suspended,true,2024-02-02T10:35:00.000000
28,37,28,US,inactive,false,2024-03-13T01:03:00.000000
157,81,17,JP,pending,true,2023-02-11T23:52:00.000000
194,73,38,CA,inactive,false,2023-03-22T13:09:00.000000
8,56,29,US,inactive,true,2024-03-08T14:04:00.000000
167,64,37,GB,suspended,true,2024-05-06T17:24:00.000000
174,69,23,DE,suspended,false,2023-10-01T09:15:00.000000
159,63,25,CA,inactive,true,2023-12-08T12:17:00.000000
26,43,39,ES,suspended,true,2023-12-05T01:55:00.000000
107,54,36,KE,active,false,2024-06-14T10:10:00.000000
42,53,5,KE,inactive,false,2023-01-16T03:45:00.000000
169,51,1,GB,suspended,false,2024-08-25T06:19:00.000000
62,79,13,IN,inactive,false,2023-03-09T00:48:00.000000
34,37,35,DE,suspended,true,2023-02-04T20:02:00.000000
66,92,14,ES,active,true,2024-03-13T01:48:00.000000
151,63,15,FR,active,false,2024-01-02T05:18:00.000000
210,36,39,MX,active,true,2024-05-10T11:05:00.000000
175,67,22,KE,inactive,false,2023-08-20T14:07:00.000000
120,25,27,FR,inactive,false,2023-04-16T09:43:00.000000
14,27,35,FR,suspended,false,2024-07-30T22:10:00.000000
94,51,6,FR,inactive,false,2024-01-12T04:39:00.000000
259,27,5,KE,suspended,false,2023-08-26T23:40:00.000000
294,81,1,DE,active,false,2023-05-09T12:52:00.000000
188,44,14,GB,pending,true,2024-07-24T05:36:00.000000
155,76,21,GB,suspended,false,2023-12-10T08:10:00.000000
151,57,15,CA,suspended,false,2024-06-26T04:28:00.000000
194,23,12,JP,pending,true,2023-01-30T19:47:00.000000
216,52,33,ES,inactive,false,2024-02-06T06:15:00.000000
270,61,10,MX,suspended,true,2023-09-06T16:31:00.000000
237,18,35,DE,active,false,2023-06-01T06:05:00.000000
38,81,5,FR,active,true,2023-03-30T10:26:00.000000
102,73,32,DE,pending,false,2024-07-21T04:21:00.000000
209,73,10,KE,pending,false,2024-05-29T12:58:00.000000
119,72,3,NG,suspended,false,2023-04-08T15:04:00.000000
22,64,19,KE,suspended,true,2024-03-27T04:41:00.000000
124,95,40,DE,pending,true,2024-02-05T05:10:00.000000
115,80,16,US,active,false,2023-06-17T06:02:00.000000
125,42,37,NG,pending,false,2023-09-21T16:00:00.000000
203,73,21,US,inactive,false,2023-05-14T19:15:00.000000
195,68,22,CA,active,true,2023-02-22T13:31:00.000000
108,55,27,ES,active,true,2023-12-06T13:35:00.000000
78,30,23,DE,active,false,2023-10-11T03:01:00.000000
154,28,13,NG,inactive,false,2024-07-13T00:00:00.000000
185,38,0,DE,suspended,true,2024-01-24T11:59:00.000000
1,61,39,NG,pending,false,2023-09-10T03:36:00.000000
158,64,37,GB,suspended,false,2024-04-04T07:50:00.000000
228,90,31,FR,active,true,2024-01-02T22:06:00.000000
255,72,8,NG,suspended,true,2024-02-28T12:01:00.000000
88,66,11,FR,active,false,2023-08-23T23:11:00.000000
75,33,24,ES,suspended,false,2023-08-10T03:40:00.000000
16,66,0,NG,pending,false,2024-01-29T15:06:00.000000
190,24,11,NG,inactive,false,2024-04-06T01:00:00.000000
224,73,1,DE,suspended,false,2024-09-06T09:16:00.000000
284,95,16,MX,inactive,false,2023-08-01T15:29:00.000000
176,43,23,MX,suspended,true,2023-11-28T07:36:00.000000
263,32,13,NG,inactive,false,2023-04-03T03:01:00.000000
251,47,26,CA,pending,true,2024-07-14T09:29:00.000000
163,79,12,IN,suspended,false,2024-04-04T01:38:00.000000
58,67,15,KE,active,false,2024-08-14T08:00:00.000000
299,40,26,MX,suspended,false,2023-05-21T12:52:00.000000
150,35,37,IN,suspended,false,2024-01-09T20:29:00.000000
281,46,12,GB,pending,true,2023-07-03T03:38:00.000000
142,30,26,JP,inactive,true,2024-04-28T11:51:00.000000
220,62,36,FR,active,false,2023-08-18T11:09:00.000000
6,59,24,ES,active,false,2023-08-21T22:05:00.000000
160,82,2,ES,pending,false,2023-08-17T10:12:00.000000
45,74,10,FR,active,true,2024-01-28T17:05:00.000000
252,39,37,NG,inactive,false,2023-07-16T01:41:00.000000
59,66,0,IN,suspended,true,2023-02-28T19:48:00.000000
257,79,40,KE,inactive,true,2024-01-01T07:33:00.000000
113,90,13,IN,inactive,true,2023-06-22T01:17:00.000000
136,41,6,IN,active,false,2023-02-11T14:07:00.000000
224,22,3,DE,active,true,2023-03-03T04:26:00.000000
191,82,18,FR,pending,true,2023-02-09T06:04:00.000000
119,43,9,IT,active,true,2023-10-24T15:18:00.000000
28,49,35,IT,active,true,2023-10-11T02:42:00.000000
53,34,25,US,active,true,2024-08-19T16:04:00.000000
264,33,39,IT,inactive,true,2023-07-31T15:51:00.000000
264,53,23,NG,suspended,true,2024-09-14T21:28:00.000000
262,89,11,ES,inactive,false,2023-01-30T07:47:00.000000
84,19,37,US,active,false,2024-05-28T00:23:00.000000
67,18,10,KE,active,false,2023-07-29T00:32:00.000000
150,65,10,CA,inactive,false,2023-12-19T20:09:00.000000
25,54,32,FR,inactive,false,2023-11-07T10:37:00.000000
35,45,9,KE,inactive,true,2023-08-25T05:57:00.000000
112,24,31,NG,active,true,2023-12-13T21:20:00.000000
2,57,5,MX,suspended,true,2024-01-03T17:44:00.000000
32,36,28,IN,inactive,true,2023-12-13T05:49:00.000000
217,34,11,CA,suspended,true,2023-12-27T01:47:00.000000
11,26,18,CA,inactive,true,2024-02-01T03:29:00.000000
34,38,17,GB,inactive,true,2023-03-18T08:59:00.000000
29,93,22,DE,pending,true,2023-12-24T05:23:00.000000
5,71,28,IT,active,true,2023-06-20T19:48:00.000000
18,52,15,DE,pending,true,2024-04-01T21:01:00.000000
276,34,36,IN,suspended,false,2023-02-23T15:54:00.000000
174,27,2,FR,active,false,2024-05-09T06:45:00.000000
171,42,14,MX,pending,true,2024-01-12T02:35:00.000000
10,38,13,FR,active,true,2024-07-29T07:02:00.000000
5,95,17,IN,inactive,false,2023-09-30T05:17:00.000000
287,71,15,CA,suspended,false,2023-07-07T14:44:00.000000
109,45,27,JP,suspended,false,2024-07-04T23:19:00.000000
241,68,17,MX,inactive,true,2024-09-09T14:47:00.000000
103,87,15,IN,suspended,false,2023-04-10T12:03:00.000000
137,80,23,IT,pending,false,2023-10-20T16:42:00.000000
152,40,31,DE,inactive,false,2023-07-05T10:55:00.000000
298,95,26,NG,pending,true,2023-02-19T17:56:00.000000
282,26,12,GB,pending,true,2024-04-08T10:03:00.000000
268,81,29,DE,active,false,2024-08-06T12:11:00.000000
129,49,32,US,active,true,2024-05-28T02:56:00.000000
120,44,33,US,suspended,false,2023-10-15T08:35:00.000000
94,27,20,CA,suspended,false,2024-07-17T19:28:00.000000
108,37,2,MX,active,false,2023-11-14T00:41:00.000000
201,49,14,IT,inactive,true,2023-07-02T23:52:00.000000
31,42,14,IT,inactive,false,2023-07-23T15:57:00.000000
123,36,34,IN,pending,false,2024-09-14T06:56:00.000000
285,88,9,NG,pending,true,2023-12-24T15:53:00.000000
232,51,27,CA,active,false,2023-07-19T10:46:00.000000
19,26,7,ES,pending,true,2024-02-27T07:22:00.000000
170,91,34,US,inactive,true,2024-07-14T11:02:00.000000
168,65,4,KE,suspended,true,2023-05-27T02:27:00.000000
209,28,26,JP,active,true,2023-09-19T21:45:00.000000
62,63,27,MX,suspended,true,2024-06-19T21:47:00.000000
