small_int_0,small_int_1,small_int_2,small_int_3,small_int_4,small_int_5,small_int_6,small_int_7,small_int_8,small_int_9,small_int_10,small_int_11,small_int_12,small_int_13,small_int_14,small_int_15,small_int_16,small_int_17,small_int_18,small_int_19,category_0,category_1,category_2,category_3,category_4,category_5,category_6,category_7,category_8,category_9,category_10,category_11,category_12,category_13,category_14,category_15,category_16,category_17,category_18,category_19,flag_0,flag_1,flag_2,flag_3,flag_4,flag_5,flag_6,flag_7,flag_8,flag_9,big_num_0,big_num_1,big_num_2,big_num_3,big_num_4,big_num_5,big_num_6,big_num_7,big_num_8,big_num_9
30,91,71,6,89,25,10,90,78,23,47,14,17,84,38,1,41,56,26,74,cat_2,cat_3,cat_2,cat_1,cat_3,cat_0,cat_0,cat_0,cat_1,cat_3,cat_3,cat_0,cat_3,cat_2,cat_3,cat_3,cat_1,cat_3,cat_0,cat_3,true,true,false,true,false,false,false,true,false,false,9736372720,1385948606,4060507149,2961776570,9316378234,5907529631,8211616150,9492644622,3712880167,7551561571
75,30,34,23,25,57,24,91,63,96,46,29,12,62,31,89,44,89,4,49,cat_3,cat_1,cat_3,cat_2,cat_1,cat_3,cat_1,cat_3,cat_0,cat_1,cat_1,cat_0,cat_3,cat_3,cat_1,cat_2,cat_0,cat_3,cat_1,cat_3,false,false,true,true,true,false,true,true,false,true,8741687107,6217579850,8305434432,7034694532,4618877386,1880697996,4436951853,6157958384,5595494161,5069578180
69,13,3,97,21,26,45,24,53,76,34,41,38,46,54,6,43,7,39,82,cat_2,cat_2,cat_3,cat_1,cat_2,cat_3,cat_0,cat_2,cat_1,cat_0,cat_1,cat_0,cat_0,cat_0,cat_0,cat_3,cat_3,cat_0,cat_1,cat_0,true,true,true,false,true,true,false,false,true,false,8309327972,2452399663,8849712457,1156096211,9216926440,2790662531,7242128984,1278908666,6287961484,5179376012
16,70,43,80,64,39,1,89,83,36,76,36,29,40,50,25,61,73,1,51,cat_2,cat_2,cat_2,cat_1,cat_1,cat_0,cat_1,cat_1,cat_1,cat_2,cat_3,cat_2,cat_2,cat_1,cat_3,cat_2,cat_0,cat_2,cat_0,cat_1,false,true,false,false,false,true,true,true,true,false,4484001843,8041812401,2358896305,9010771760,2092415320,7850284063,1796170560,4286317810,3278022586,5281568832
47,95,80,22,85,44,72,87,76,80,29,46,92,47,96,96,7,35,75,53,cat_3,cat_2,cat_0,cat_2,cat_2,cat_1,cat_0,cat_3,cat_3,cat_1,cat_2,cat_3,cat_1,cat_2,cat_0,cat_1,cat_1,cat_3,cat_2,cat_1,false,false,false,true,false,true,false,true,true,true,9690668379,6011301258,1822118354,8987821137,7331313980,9993353512,8415278350,7001823526,4731816323,6405535870
77,12,44,39,21,85,86,33,44,46,46,99,40,99,40,6,3,11,45,81,cat_2,cat_3,cat_0,cat_0,cat_2,cat_0,cat_0,cat_1,cat_3,cat_2,cat_2,cat_3,cat_3,cat_2,cat_0,cat_3,cat_2,cat_1,cat_3,cat_3,true,false,true,false,true,false,false,true,true,true,9003389345,4273350905,1883892535,6355043316,4133558035,7290423458,3027104784,4622714440,7072531650,8569123218
60,70,40,24,15,11,62,74,46,99,25,60,37,40,6,17,95,34,31,63,cat_3,cat_3,cat_1,cat_2,cat_1,cat_0,cat_2,cat_2,cat_0,cat_0,cat_2,cat_1,cat_3,cat_0,cat_3,cat_0,cat_2,cat_2,cat_0,cat_2,true,false,true,false,true,false,true,true,true,false,5405202036,1735957803,2081446126,6411439200,4319970652,6145455278,2864787047,6690983406,1673390649,8290504604
80,7,11,83,12,13,7,61,30,45,27,30,42,24,86,17,42,58,40,26,cat_2,cat_2,cat_1,cat_3,cat_2,cat_0,cat_3,cat_0,cat_0,cat_2,cat_2,cat_3,cat_3,cat_2,cat_3,cat_3,cat_3,cat_3,cat_0,cat_2,false,true,true,false,true,true,true,false,false,true,1286895085,7399416094,8132310115,3044493031,7042896074,3774966584,9885046314,3424585428,9257868027,8518629871
74,70,7,16,70,53,71,28,93,8,26,6,29,79,22,40,5,21,52,84,cat_0,cat_3,cat_0,cat_0,cat_0,cat_0,cat_1,cat_0,cat_0,cat_3,cat_0,cat_2,cat_2,cat_3,cat_3,cat_0,cat_0,cat_0,cat_0,cat_1,false,false,true,false,false,false,false,true,true,true,8943409566,5838463605,7819016332,8479346326,2908765906,8165761898,1660827055,6574023529,6541365502,1053633936
8,41,87,18,68,98,53,72,93,42,84,24,79,28,54,83,70,13,53,86,cat_3,cat_1,cat_2,cat_3,cat_0,cat_1,cat_2,cat_2,cat_0,cat_3,cat_2,cat_2,cat_2,cat_2,cat_3,cat_3,cat_2,cat_0,cat_2,cat_3,true,true,true,true,false,false,true,false,true,true,8272544227,9005645521,2379229289,1605402253,2383782664,3472329385,3733808865,8980224245,8048484324,8542458101
77,72,55,6,15,51,55,57,73,21,60,49,25,14,75,55,42,27,35,94,cat_1,cat_2,cat_1,cat_2,cat_0,cat_1,cat_3,cat_0,cat_1,cat_0,cat_2,cat_3,cat_2,cat_1,cat_3,cat_2,cat_2,cat_2,cat_3,cat_2,false,false,true,false,true,true,false,true,true,true,6555542287,5388142146,2271382636,6945323774,1325165903,2408567186,7481109648,2196991728,3813993064,2896133099
1,23,11,67,49,91,14,39,51,54,0,35,72,14,54,52,19,19,99,39,cat_3,cat_3,cat_2,cat_3,cat_3,cat_1,cat_1,cat_1,cat_2,cat_0,cat_2,cat_3,cat_3,cat_2,cat_0,cat_2,cat_2,cat_2,cat_2,cat_3,false,false,true,true,true,false,false,true,true,false,8530241673,8284163494,7829762206,4530751080,3284504909,9650581325,9761355868,1199541230,7388666299,9025903852
60,9,75,19,71,44,79,91,9,89,89,40,92,21,13,85,15,69,1,14,cat_1,cat_0,cat_0,cat_0,cat_3,cat_3,cat_3,cat_3,cat_1,cat_2,cat_3,cat_2,cat_2,cat_3,cat_0,cat_3,cat_1,cat_1,cat_1,cat_0,false,false,false,false,true,true,false,true,true,false,5040646896,7035453597,9998298834,4100637515,6799483034,2661730727,7080224986,8625658886,3838706990,7926261745
33,30,79,68,65,83,50,25,95,40,45,14,85,56,85,23,85,14,67,97,cat_3,cat_3,cat_1,cat_0,cat_2,cat_0,cat_3,cat_1,cat_0,cat_0,cat_3,cat_3,cat_3,cat_0,cat_3,cat_1,cat_0,cat_3,cat_0,cat_2,false,true,true,false,false,true,true,true,false,false,4337633833,4226404029,7351446596,7382965328,3798978141,4747140181,9203273437,5385692900,2125022578,6136713893
70,23,0,27,40,99,40,88,52,91,71,17,1,11,19,50,32,6,27,74,cat_3,cat_0,cat_2,cat_1,cat_3,cat_1,cat_2,cat_3,cat_1,cat_1,cat_1,cat_0,cat_3,cat_3,cat_2,cat_1,cat_1,cat_3,cat_0,cat_2,false,false,true,true,false,true,false,false,true,true,9296753403,8420477080,8386216670,5183936227,6835107483,5361680042,5894615096,2563585432,8021241002,3876698584
29,82,13,48,50,75,52,46,48,71,65,74,72,61,44,15,28,57,83,29,cat_2,cat_3,cat_2,cat_0,cat_3,cat_1,cat_2,cat_3,cat_1,cat_3,cat_0,cat_1,cat_3,cat_0,cat_1,cat_3,cat_3,cat_0,cat_0,cat_1,true,false,false,true,false,false,false,false,false,false,1198734273,2174073999,9483179643,2024819548,7739667685,7749338666,1843914672,8816590597,1792291143,3390972186
24,31,3,99,35,30,38,13,25,72,23,89,89,46,19,57,64,87,72,90,cat_3,cat_3,cat_1,cat_3,cat_3,cat_0,cat_0,cat_3,cat_2,cat_1,cat_2,cat_0,cat_1,cat_3,cat_1,cat_2,cat_2,cat_0,cat_3,cat_0,true,true,false,false,true,true,true,false,true,true,1742619527,6585308468,1145941010,3199466560,5525164122,9492794885,1882677757,9689061279,5627689766,9419123865
91,58,87,13,8,32,45,60,96,35,38,61,2,20,10,6,7,44,40,11,cat_2,cat_0,cat_0,cat_0,cat_2,cat_1,cat_1,cat_3,cat_0,cat_1,cat_1,cat_2,cat_3,cat_0,cat_0,cat_1,cat_3,cat_1,cat_2,cat_0,true,true,false,true,false,false,false,true,true,false,2611527446,9274464803,3806518605,9117203468,9536446096,4293765382,1353689047,9013617834,2964747218,7667042281
60,78,11,55,61,95,81,14,27,4,6,62,68,36,5,72,71,17,41,67,cat_0,cat_0,cat_3,cat_1,cat_2,cat_0,cat_2,cat_3,cat_1,cat_2,cat_3,cat_2,cat_2,cat_3,cat_0,cat_3,cat_3,cat_1,cat_3,cat_2,true,false,true,false,true,false,false,false,false,true,7839469852,6327403416,4672531925,2778956456,9253732108,7406647761,5556334663,5537399331,2958681875,8111993847
69,89,2,49,35,15,74,65,49,60,30,9,78,4,63,27,4,25,53,25,cat_0,cat_1,cat_0,cat_3,cat_2,cat_2,cat_1,cat_3,cat_0,cat_2,cat_2,cat_1,cat_3,cat_3,cat_2,cat_2,cat_0,cat_1,cat_2,cat_3,true,true,true,true,true,false,true,true,false,false,7457610248,9739074779,5739951199,6888616297,9167646673,6684308212,9819471511,5658670484,2723812420,6214363072
70,96,21,23,87,77,51,63,60,53,4,93,99,37,72,8,24,64,57,38,cat_3,cat_0,cat_0,cat_0,cat_1,cat_0,cat_3,cat_1,cat_2,cat_1,cat_1,cat_1,cat_0,cat_1,cat_0,cat_0,cat_1,cat_0,cat_1,cat_1,false,false,true,false,true,true,true,true,true,false,4692838747,2676139175,7980129212,7536732323,8812442920,6594022023,9434178107,5529666925,5557904606,9018103730
60,50,64,3,40,73,9,86,25,71,1,48,44,84,30,2,86,91,3,33,cat_1,cat_0,cat_3,cat_0,cat_1,cat_2,cat_0,cat_1,cat_0,cat_3,cat_1,cat_1,cat_0,cat_0,cat_0,cat_1,cat_0,cat_2,cat_0,cat_1,true,false,false,false,true,false,false,true,false,true,9112819337,5735411931,8019581231,2856336644,9533948074,5972731128,1826140314,6293465657,5176293160,2256100516
50,32,4,35,29,15,59,23,97,75,11,50,68,77,34,25,19,10,87,51,cat_0,cat_2,cat_0,cat_0,cat_2,cat_3,cat_2,cat_2,cat_2,cat_2,cat_2,cat_0,cat_2,cat_1,cat_2,cat_3,cat_2,cat_3,cat_3,cat_0,false,true,true,false,true,false,false,false,true,false,6900020087,8725026087,5088710957,2917665343,7710525703,6446101148,1832405673,8801216479,4324964140,3483723079
81,47,61,13,33,3,24,43,0,58,53,60,82,20,53,79,18,68,19,38,cat_1,cat_0,cat_3,cat_3,cat_1,cat_0,cat_3,cat_0,cat_0,cat_2,cat_1,cat_3,cat_1,cat_1,cat_1,cat_1,cat_2,cat_1,cat_0,cat_2,true,true,true,true,true,true,true,false,true,true,5029212181,4664366893,5919861195,4769202218,9679385504,2227404145,7424652883,6689257053,6731836507,8921280572
19,76,6,16,15,22,9,84,47,37,44,82,95,34,4,79,18,38,90,91,cat_1,cat_1,cat_2,cat_2,cat_2,cat_3,cat_2,cat_0,cat_1,cat_2,cat_2,cat_2,cat_0,cat_0,cat_3,cat_1,cat_2,cat_2,cat_2,cat_2,false,true,false,true,false,true,true,false,false,false,3024521567,7779987877,5619415617,3034951632,1839786058,2162379553,9927208398,1339789661,5956906872,3335539403
29,50,24,14,27,40,87,19,92,93,65,79,65,73,20,45,13,99,93,10,cat_1,cat_0,cat_1,cat_0,cat_3,cat_0,cat_0,cat_1,cat_1,cat_1,cat_2,cat_2,cat_2,cat_2,cat_0,cat_2,cat_3,cat_1,cat_0,cat_1,false,true,false,false,false,false,false,true,false,false,5993381121,2126963811,2916498603,1584261726,5662613423,9339247351,4913807938,5748487191,6011358034,1946874054
81,44,83,18,14,44,32,6,47,13,100,30,48,68,28,81,6,55,93,71,cat_3,cat_3,cat_1,cat_2,cat_0,cat_3,cat_2,cat_3,cat_0,cat_3,cat_2,cat_0,cat_2,cat_1,cat_0,cat_2,cat_3,cat_2,cat_1,cat_2,false,false,true,true,true,false,false,true,false,false,2401944109,3799088569,9438579305,9820194080,3001383652,1018970789,3941833547,7725281826,7131212192,5111856347
19,71,65,37,61,76,56,42,96,22,89,18,100,87,73,23,34,51,17,67,cat_0,cat_1,cat_3,cat_2,cat_3,cat_1,cat_2,cat_1,cat_1,cat_3,cat_3,cat_2,cat_0,cat_3,cat_0,cat_2,cat_0,cat_0,cat_1,cat_3,false,true,true,true,false,false,false,true,true,false,9061793563,6544402448,8742593433,6979085297,7401163940,8981945631,4877324774,7468423569,2176641922,5426017441
66,53,42,16,47,21,98,7,5,4,45,96,11,65,38,57,6,70,88,64,cat_1,cat_0,cat_0,cat_1,cat_2,cat_3,cat_3,cat_3,cat_2,cat_3,cat_1,cat_1,cat_0,cat_3,cat_2,cat_2,cat_3,cat_1,cat_2,cat_1,true,true,true,true,true,true,true,false,false,true,3218860147,1742550485,6801679021,3351271906,4696429307,1090366999,2989864820,5505191227,7325831394,5503640656
49,10,25,49,55,28,93,78,99,95,76,25,55,43,100,92,0,41,100,76,cat_0,cat_1,cat_0,cat_0,cat_3,cat_0,cat_0,cat_1,cat_3,cat_2,cat_2,cat_0,cat_2,cat_0,cat_0,cat_3,cat_1,cat_3,cat_0,cat_1,false,true,false,false,true,false,false,false,true,false,9642785367,1922449189,6789365192,4956283066,3695391846,3713325641,1154338365,2457595690,2117522986,4746045431
94,48,96,45,18,41,14,35,7,52,30,75,27,5,26,11,14,96,1,3,cat_1,cat_1,cat_2,cat_2,cat_2,cat_1,cat_0,cat_1,cat_1,cat_0,cat_1,cat_2,cat_0,cat_0,cat_1,cat_1,cat_1,cat_3,cat_3,cat_3,false,false,false,false,true,true,true,true,false,false,1651529867,2529976879,6045017392,3175718215,3809326859,5167239567,7323655510,7223014706,4046825416,2206175520
1,64,61,77,33,6,33,0,43,20,38,69,12,75,98,19,19,62,27,52,cat_3,cat_3,cat_2,cat_3,cat_0,cat_0,cat_1,cat_1,cat_2,cat_2,cat_3,cat_0,cat_3,cat_3,cat_0,cat_0,cat_0,cat_3,cat_0,cat_2,false,true,true,false,false,true,true,false,false,false,1310918014,2978873689,3920267399,5920200201,2129470283,7147127377,5817946502,3661667247,3585991749,3490544593
85,30,43,9,47,14,69,30,40,76,36,45,67,41,92,34,82,35,71,44,cat_1,cat_2,cat_2,cat_1,cat_3,cat_2,cat_2,cat_3,cat_2,cat_3,cat_0,cat_0,cat_2,cat_0,cat_1,cat_2,cat_1,cat_1,cat_1,cat_1,false,true,true,true,false,true,false,true,true,true,3610607276,3857179065,4223882302,4387572709,7893570097,2089302856,3195358655,5170920741,6360327473,7957238980
99,52,61,24,87,99,8,38,13,62,55,28,7,75,94,67,2,64,26,37,cat_1,cat_0,cat_0,cat_1,cat_0,cat_2,cat_0,cat_2,cat_2,cat_2,cat_3,cat_1,cat_3,cat_3,cat_1,cat_2,cat_0,cat_0,cat_1,cat_1,true,false,true,true,false,true,false,true,false,false,2496148019,7033988732,8125879007,3428513245,6571670036,5023221696,2549539515,1673259369,2643295864,9855626408
8,95,44,0,23,40,30,47,26,81,48,47,64,89,17,14,52,23,49,88,cat_0,cat_2,cat_1,cat_3,cat_1,cat_3,cat_2,cat_0,cat_3,cat_3,cat_1,cat_2,cat_3,cat_2,cat_0,cat_1,cat_0,cat_2,cat_3,cat_3,false,false,false,false,false,false,false,true,false,true,9132322615,3700415183,7355423361,4576602062,6911297940,7963473410,9724918186,9750953498,2386030162,4019914602
20,20,84,47,33,77,75,33,67,51,95,42,32,26,59,38,79,19,92,11,cat_2,cat_2,cat_3,cat_3,cat_0,cat_0,cat_3,cat_2,cat_3,cat_3,cat_2,cat_2,cat_0,cat_2,cat_3,cat_3,cat_0,cat_0,cat_3,cat_2,true,true,false,true,false,false,false,false,false,true,4100550251,9745143513,4311656849,9530444554,3769399864,6736189822,1365802744,7373631864,7238414310,8896998605
97,53,4,18,73,69,69,22,93,96,18,18,90,100,76,57,6,64,23,53,cat_3,cat_3,cat_0,cat_2,cat_2,cat_0,cat_0,cat_3,cat_1,cat_2,cat_2,cat_0,cat_0,cat_2,cat_3,cat_2,cat_3,cat_3,cat_2,cat_1,false,true,true,false,true,true,true,false,false,false,3154995726,3182825287,5123278924,5333543561,8248100175,6927338240,9362810732,6836506071,3656217167,6448790132
75,88,48,61,99,8,44,77,59,37,21,85,91,96,34,42,43,29,71,37,cat_2,cat_1,cat_0,cat_1,cat_0,cat_0,cat_3,cat_1,cat_2,cat_1,cat_1,cat_1,cat_1,cat_1,cat_3,cat_3,cat_1,cat_3,cat_2,cat_3,true,false,false,false,true,true,false,false,true,false,6760107409,2467351820,2783361332,2327038773,2417798191,7558095556,1601273000,8271076645,7973150025,8276262262
5,72,39,31,65,52,35,56,24,15,65,5,66,42,94,11,36,1,49,88,cat_3,cat_0,cat_3,cat_3,cat_3,cat_2,cat_2,cat_3,cat_0,cat_2,cat_1,cat_1,cat_3,cat_1,cat_3,cat_1,cat_2,cat_2,cat_3,cat_2,true,false,false,false,false,true,true,true,false,true,4395657805,9394576621,8882249635,8883624406,7379922112,1265787663,3966221017,4458652981,1789841548,9941672457
38,96,96,8,25,42,97,86,34,28,100,39,22,9,16,53,15,42,20,82,cat_1,cat_2,cat_0,cat_3,cat_1,cat_0,cat_1,cat_0,cat_1,cat_1,cat_1,cat_2,cat_2,cat_2,cat_1,cat_1,cat_3,cat_2,cat_1,cat_1,true,false,true,false,true,true,false,true,true,true,1202381756,2796109147,2735508519,8342845760,7208250923,1579401818,9275892022,9725905648,8357417838,8790211807
99,74,77,45,85,71,81,16,74,15,93,78,55,43,84,71,51,75,5,52,cat_0,cat_2,cat_3,cat_3,cat_3,cat_1,cat_1,cat_2,cat_2,cat_0,cat_1,cat_2,cat_0,cat_1,cat_0,cat_2,cat_3,cat_0,cat_3,cat_0,false,false,true,false,true,false,true,false,true,false,3292062913,1938310879,8995526598,9959819284,8632555608,8105255316,9956887317,7712501203,9447354110,2453625165
3,86,80,69,28,37,31,19,41,68,76,95,0,62,0,99,60,2,63,0,cat_0,cat_2,cat_0,cat_1,cat_3,cat_0,cat_2,cat_1,cat_0,cat_2,cat_1,cat_2,cat_0,cat_2,cat_3,cat_3,cat_0,cat_3,cat_0,cat_1,true,false,true,false,false,true,false,true,true,false,8538605126,8245296573,1033319301,7319691442,9818744657,8514479265,3551920236,5547658883,6885313544,9386650025
34,66,50,62,31,2,74,40,70,90,35,35,63,37,90,15,23,97,88,60,cat_2,cat_1,cat_3,cat_1,cat_0,cat_2,cat_1,cat_3,cat_1,cat_0,cat_0,cat_2,cat_1,cat_0,cat_3,cat_0,cat_2,cat_3,cat_3,cat_1,true,false,true,false,false,false,false,true,true,true,3261983752,9108746016,2505481217,4342261750,3945081682,8627679751,2018892562,7499641890,2508565822,8565240889
60,87,11,13,33,62,86,66,46,29,85,23,88,54,91,0,24,66,12,31,cat_1,cat_2,cat_3,cat_3,cat_3,cat_1,cat_0,cat_3,cat_0,cat_0,cat_1,cat_3,cat_0,cat_1,cat_0,cat_0,cat_0,cat_1,cat_1,cat_2,false,false,false,false,true,false,true,true,true,false,8592341623,5762530938,6840679821,9128082244,9194338488,1785716982,9040937506,5241775566,4167318895,6737514773
76,61,37,90,44,56,80,46,44,76,1,20,92,83,94,85,9,58,53,55,cat_1,cat_1,cat_2,cat_2,cat_1,cat_0,cat_1,cat_1,cat_3,cat_1,cat_1,cat_3,cat_0,cat_1,cat_1,cat_0,cat_1,cat_3,cat_0,cat_2,true,false,false,false,false,true,true,false,true,false,4476423613,4509418546,3820124795,5720221042,9069766737,2760446036,2813385823,2428672413,1550983367,2391650639
92,19,23,40,93,99,41,76,54,43,82,6,13,45,50,62,92,25,48,33,cat_2,cat_2,cat_0,cat_0,cat_1,cat_1,cat_3,cat_1,cat_1,cat_0,cat_1,cat_0,cat_0,cat_2,cat_3,cat_0,cat_1,cat_2,cat_0,cat_3,false,false,true,false,true,true,true,false,false,false,9604088403,2961476309,6828768457,8972249441,5622005321,4661105037,7990157124,1093767843,9239988558,9503130860
49,82,52,60,43,90,52,68,55,10,29,1,43,0,40,62,64,31,27,67,cat_3,cat_2,cat_0,cat_0,cat_2,cat_3,cat_3,cat_0,cat_2,cat_1,cat_1,cat_3,cat_3,cat_2,cat_1,cat_1,cat_0,cat_2,cat_2,cat_1,true,true,true,true,true,true,true,false,true,false,6548694207,7251938886,2598695010,4502809288,1127399636,8006320304,4816439389,5529976038,2577310764,2567632853
91,51,14,2,13,56,6,66,84,82,55,98,79,15,16,55,11,33,12,4,cat_0,cat_2,cat_3,cat_1,cat_3,cat_2,cat_2,cat_2,cat_1,cat_0,cat_1,cat_1,cat_1,cat_1,cat_0,cat_1,cat_0,cat_1,cat_0,cat_1,true,false,false,false,true,false,true,false,true,false,8600090198,5077614573,8897579821,2095429882,7247837450,1006425662,3363240058,9393164891,7264185815,3870554533
100,19,64,94,12,98,9,27,65,50,79,35,69,65,60,17,30,47,29,6,cat_3,cat_3,cat_0,cat_1,cat_0,cat_0,cat_1,cat_2,cat_1,cat_1,cat_0,cat_3,cat_3,cat_0,cat_2,cat_1,cat_0,cat_3,cat_3,cat_3,true,false,true,false,false,false,true,true,false,true,9349103702,5485275223,8273551956,7722417986,9544045229,9840966959,4926900122,5655463109,3767359353,5963655300
54,20,49,44,90,21,73,89,85,53,36,41,3,51,97,98,78,81,68,83,cat_2,cat_3,cat_2,cat_2,cat_2,cat_2,cat_3,cat_3,cat_2,cat_1,cat_0,cat_0,cat_3,cat_2,cat_1,cat_2,cat_0,cat_1,cat_3,cat_1,true,false,true,true,false,false,false,true,true,false,6039824315,7583746934,7427258786,4772734811,1768117609,8154027674,2027044700,2171354134,3846834654,9808400742
50,12,70,67,17,61,0,39,76,92,3,43,17,79,97,39,44,57,69,0,cat_3,cat_2,cat_1,cat_3,cat_3,cat_2,cat_0,cat_1,cat_0,cat_1,cat_0,cat_3,cat_3,cat_3,cat_3,cat_0,cat_3,cat_1,cat_2,cat_1,true,true,true,true,true,true,true,true,true,true,8602877176,6101498877,4168692191,1487576731,7521753653,3333467934,4885940481,8413503068,3098795574,6590391914
93,63,42,95,96,0,18,41,51,32,91,100,1,4,91,90,63,99,81,100,cat_3,cat_0,cat_2,cat_3,cat_0,cat_0,cat_3,cat_2,cat_2,cat_3,cat_3,cat_1,cat_2,cat_0,cat_0,cat_0,cat_0,cat_2,cat_2,cat_1,true,true,false,false,false,true,false,false,false,true,3312776554,3262881030,1993495235,6632120403,3612765839,8405344123,5342202417,7409337221,7007150763,6738755678
73,95,68,100,10,15,25,54,23,19,86,28,49,64,89,56,15,21,2,85,cat_3,cat_0,cat_3,cat_0,cat_3,cat_0,cat_0,cat_3,cat_3,cat_2,cat_2,cat_3,cat_2,cat_3,cat_3,cat_3,cat_2,cat_3,cat_1,cat_1,false,true,true,true,false,false,false,false,false,true,6865305576,6202405819,7890057538,8221887930,5088963086,9167063267,2431866474,1421793969,3055069906,3411721984
56,61,87,56,28,100,79,90,48,97,60,28,100,69,87,0,52,56,21,83,cat_2,cat_3,cat_2,cat_0,cat_3,cat_1,cat_3,cat_2,cat_1,cat_2,cat_3,cat_2,cat_2,cat_2,cat_0,cat_0,cat_0,cat_1,cat_1,cat_1,true,false,false,true,true,true,false,false,false,true,3063759009,1612730074,4945734692,2432980434,7824595005,9708336744,1086433174,7452288505,9414193157,1610788875
17,89,99,72,58,21,28,10,33,95,59,99,84,82,63,28,77,47,37,90,cat_0,cat_2,cat_2,cat_2,cat_3,cat_3,cat_3,cat_1,cat_2,cat_3,cat_2,cat_1,cat_0,cat_3,cat_3,cat_1,cat_2,cat_1,cat_2,cat_3,false,false,false,true,false,false,false,true,false,false,7399270940,4760984474,1014026787,5151325639,7840880316,7029413510,6185043335,4300112566,3497720524,8844234257
46,66,51,52,42,47,83,53,96,67,39,79,79,68,43,0,29,63,96,36,cat_1,cat_1,cat_3,cat_0,cat_2,cat_0,cat_0,cat_0,cat_1,cat_1,cat_0,cat_0,cat_0,cat_2,cat_1,cat_1,cat_1,cat_1,cat_1,cat_0,false,false,false,false,true,true,false,false,true,true,2889319492,5984333688,2616184431,2267339036,4425195912,7107936568,6288616596,1006467567,3870390182,6643456343
12,56,22,59,14,61,13,29,95,24,8,9,7,9,31,91,72,37,52,10,cat_0,cat_1,cat_3,cat_0,cat_2,cat_3,cat_3,cat_2,cat_2,cat_1,cat_2,cat_1,cat_2,cat_3,cat_1,cat_3,cat_2,cat_3,cat_2,cat_1,false,false,false,true,true,true,true,true,true,false,1207331052,6257866418,7398509355,5103118696,9560037876,6277632221,1261284325,4686605505,1773413919,2677120850
4,75,94,68,41,35,25,73,69,5,50,81,51,20,0,43,38,8,2,23,cat_0,cat_0,cat_2,cat_3,cat_3,cat_3,cat_0,cat_1,cat_3,cat_1,cat_1,cat_2,cat_3,cat_1,cat_0,cat_0,cat_2,cat_0,cat_3,cat_3,false,true,true,true,true,false,false,false,true,true,2320854506,5471081547,4797590371,1116743774,3683374623,1448830497,3849560294,6144845810,1437692190,6076107382
17,92,93,68,97,48,45,15,50,76,72,40,26,11,80,23,58,71,17,14,cat_2,cat_3,cat_1,cat_2,cat_3,cat_2,cat_2,cat_3,cat_2,cat_1,cat_3,cat_2,cat_2,cat_0,cat_3,cat_0,cat_2,cat_1,cat_0,cat_0,false,true,true,true,false,false,false,true,true,true,4763135024,3171413158,7271898570,2584079876,6324502183,9749871477,9777520280,2861184605,8804271820,7341918010
63,23,49,39,18,66,21,32,63,78,55,40,31,32,36,75,34,56,82,7,cat_0,cat_3,cat_3,cat_2,cat_2,cat_2,cat_0,cat_2,cat_3,cat_0,cat_3,cat_0,cat_2,cat_2,cat_3,cat_0,cat_3,cat_0,cat_1,cat_1,false,true,true,true,false,true,false,true,true,true,7766460204,5439256444,1800294322,7890441337,9201778864,3942390822,3231374621,7881759748,9487800768,3905584207
27,17,70,56,21,25,68,72,89,37,71,48,61,38,40,51,32,78,82,48,cat_1,cat_0,cat_3,cat_3,cat_0,cat_3,cat_1,cat_3,cat_1,cat_1,cat_2,cat_2,cat_3,cat_0,cat_2,cat_1,cat_0,cat_0,cat_1,cat_3,false,true,true,false,true,true,false,false,true,true,1537252100,9106273593,8894588991,2212757931,4632959122,7978293394,9038973883,4857503798,4237632459,6310445389
33,34,45,19,5,58,98,99,79,63,89,54,17,28,3,39,62,38,4,75,cat_0,cat_2,cat_0,cat_1,cat_3,cat_0,cat_3,cat_0,cat_0,cat_1,cat_2,cat_2,cat_0,cat_2,cat_2,cat_0,cat_3,cat_3,cat_2,cat_3,true,false,true,false,false,false,true,true,true,true,5510980600,5556256505,8380128769,3906785691,9252815717,5986452494,3541242725,3249913463,2823800261,7690867494
86,96,23,68,85,48,11,13,37,68,77,37,61,67,87,45,98,49,57,100,cat_3,cat_0,cat_0,cat_3,cat_3,cat_0,cat_2,cat_1,cat_1,cat_0,cat_2,cat_2,cat_1,cat_0,cat_2,cat_1,cat_1,cat_3,cat_0,cat_0,false,false,false,true,true,false,false,false,false,true,1039204136,8299227952,9828841330,2241957281,8637049016,3355993813,2390458197,1091489196,6520620731,1204741933
55,25,46,58,62,60,21,17,2,13,21,16,80,99,17,91,52,63,42,96,cat_2,cat_1,cat_2,cat_0,cat_3,cat_2,cat_1,cat_2,cat_2,cat_0,cat_3,cat_1,cat_1,cat_3,cat_1,cat_3,cat_0,cat_1,cat_3,cat_1,true,true,true,false,true,true,true,false,false,false,7663502703,4978261521,5701399968,2084557683,4825829292,7136701817,9572958517,9388326024,2014466172,4366444907
99,18,53,49,34,46,50,65,9,62,6,12,59,53,39,87,7,70,15,59,cat_3,cat_2,cat_2,cat_3,cat_0,cat_3,cat_1,cat_1,cat_0,cat_3,cat_3,cat_2,cat_0,cat_0,cat_3,cat_1,cat_0,cat_2,cat_1,cat_1,true,true,true,false,false,true,true,true,false,false,5478791431,2225175483,4599213678,3503630844,3824771188,4215142077,4115684100,6027611735,8598097363,2336001252
80,74,56,25,65,89,64,2,56,70,58,46,5,22,3,29,92,39,54,58,cat_0,cat_1,cat_0,cat_0,cat_2,cat_2,cat_3,cat_2,cat_1,cat_1,cat_2,cat_2,cat_3,cat_1,cat_0,cat_2,cat_3,cat_0,cat_0,cat_3,false,false,true,false,true,true,false,true,false,true,2127593755,8045128694,9480751783,5602617894,4274043720,4422378544,9251030649,5491826931,9108631474,3628869099
38,65,29,96,17,46,58,62,69,33,19,4,61,64,52,64,64,88,87,39,cat_1,cat_3,cat_3,cat_2,cat_2,cat_0,cat_0,cat_3,cat_3,cat_3,cat_0,cat_3,cat_3,cat_1,cat_0,cat_2,cat_2,cat_0,cat_3,cat_2,false,true,true,false,false,true,true,false,true,true,9254780149,5001769002,7764759192,6436424056,6150574297,9113215524,6837762419,9626633591,2195826054,5264424428
53,40,56,76,47,93,2,56,69,7,61,71,26,92,31,63,37,24,98,6,cat_1,cat_0,cat_2,cat_3,cat_3,cat_0,cat_2,cat_2,cat_3,cat_2,cat_1,cat_0,cat_3,cat_2,cat_1,cat_0,cat_3,cat_2,cat_0,cat_2,false,false,false,true,true,false,false,false,false,true,4674494338,5775242836,6069698864,3848186064,7953038959,8342112480,5066806077,7952710262,1450249376,5183814165
64,29,99,37,56,1,13,33,12,68,68,2,99,1,91,18,94,37,26,84,cat_1,cat_0,cat_0,cat_1,cat_3,cat_2,cat_1,cat_3,cat_3,cat_1,cat_3,cat_3,cat_2,cat_3,cat_2,cat_3,cat_2,cat_2,cat_2,cat_1,false,true,true,true,true,false,false,false,false,true,4017700130,3611117953,3697622815,8690288278,2476660434,9085427590,3804386811,1108192683,5469355931,3359782452
49,88,89,95,95,69,41,41,12,28,62,39,10,31,19,45,59,45,75,41,cat_2,cat_3,cat_2,cat_1,cat_0,cat_1,cat_3,cat_2,cat_0,cat_0,cat_0,cat_2,cat_1,cat_0,cat_2,cat_3,cat_0,cat_1,cat_1,cat_2,false,false,true,false,true,false,true,false,false,true,3918453340,8284579040,7198376724,7619269540,6420718283,6848287029,5294468152,9918649501,5368990705,2808271886
73,68,61,95,54,42,26,36,14,18,43,38,49,70,76,11,53,81,68,99,cat_2,cat_0,cat_3,cat_1,cat_2,cat_3,cat_3,cat_1,cat_1,cat_2,cat_1,cat_2,cat_1,cat_0,cat_1,cat_0,cat_3,cat_2,cat_2,cat_0,true,false,false,false,false,true,false,false,false,false,3701955554,3951287696,8205784069,7495021668,4399280576,6269485719,2691607819,3023868019,8774893338,4805673441
44,99,44,22,64,61,48,26,47,10,84,1,19,29,32,84,22,99,62,88,cat_1,cat_2,cat_2,cat_0,cat_2,cat_2,cat_1,cat_3,cat_1,cat_1,cat_3,cat_2,cat_3,cat_3,cat_1,cat_0,cat_3,cat_1,cat_3,cat_2,false,true,true,false,true,true,false,true,false,false,6027164505,7134368496,7815405188,7858826041,1913533868,6841872739,2831368116,6787013817,9774969880,6159329134
68,37,34,38,72,72,100,36,62,54,7,56,87,56,62,0,10,47,41,22,cat_1,cat_1,cat_2,cat_0,cat_2,cat_0,cat_1,cat_3,cat_1,cat_2,cat_0,cat_1,cat_2,cat_3,cat_3,cat_1,cat_3,cat_3,cat_1,cat_2,false,false,false,false,false,true,true,true,false,true,1620496615,8001255128,4642240178,6282588730,3857738565,5638568880,4649504924,7452951015,6437044049,1605787471
74,85,21,21,87,63,53,51,32,68,24,50,55,98,65,91,92,77,79,37,cat_1,cat_1,cat_3,cat_2,cat_1,cat_1,cat_2,cat_1,cat_1,cat_3,cat_1,cat_3,cat_1,cat_2,cat_2,cat_2,cat_3,cat_0,cat_3,cat_1,true,true,false,false,false,false,true,false,false,false,6373554700,1128341592,4811924155,2080928261,5884527028,9481877193,4710783591,9859244784,9886948828,4033326778
52,90,64,40,73,68,99,94,98,4,70,37,40,41,49,93,11,29,5,1,cat_3,cat_3,cat_2,cat_2,cat_2,cat_1,cat_1,cat_3,cat_1,cat_2,cat_0,cat_2,cat_2,cat_0,cat_2,cat_1,cat_3,cat_3,cat_1,cat_1,true,false,false,false,true,false,false,false,true,true,3229223135,8005470819,7896389638,1260454660,5583761921,8766741563,6659268901,5963028511,9547815377,6161704028
74,52,92,34,54,57,28,9,75,74,41,91,54,28,17,64,73,8,25,38,cat_2,cat_3,cat_3,cat_3,cat_1,cat_0,cat_1,cat_2,cat_0,cat_0,cat_3,cat_2,cat_0,cat_3,cat_2,cat_1,cat_2,cat_1,cat_1,cat_1,true,false,true,false,true,false,false,false,false,false,5358719990,8972006334,2048844966,6255200744,7089407265,7823032443,3102775314,5746081726,2228425093,2602173462
29,76,96,25,55,1,13,2,34,88,15,46,7,26,9,66,100,6,22,59,cat_2,cat_0,cat_2,cat_2,cat_3,cat_1,cat_3,cat_1,cat_0,cat_2,cat_3,cat_2,cat_2,cat_3,cat_0,cat_0,cat_2,cat_0,cat_0,cat_3,false,true,true,false,true,true,true,true,false,false,4937707285,7718762480,2362613785,6385545077,5218265221,8962536548,2903559184,4328017563,4493227651,9165127573
43,74,77,16,32,60,5,15,27,93,98,77,32,57,72,9,66,34,93,71,cat_0,cat_3,cat_3,cat_1,cat_3,cat_1,cat_1,cat_0,cat_0,cat_2,cat_3,cat_2,cat_2,cat_3,cat_1,cat_3,cat_3,cat_3,cat_0,cat_3,true,true,false,true,false,true,true,true,false,false,2138899341,3054577302,8687500677,8788714179,1089356705,3397614711,5306511138,7305567430,3261705201,2277824880
87,74,90,6,37,9,11,84,72,37,46,70,44,33,87,66,38,79,58,76,cat_3,cat_3,cat_0,cat_1,cat_3,cat_1,cat_3,cat_0,cat_2,cat_0,cat_1,cat_3,cat_0,cat_2,cat_3,cat_1,cat_1,cat_0,cat_1,cat_0,true,false,true,false,false,false,false,false,false,true,5582047343,8781962403,8846871935,5243059725,9089504226,6475931970,3942270591,5322047049,6765861531,7462632760
3,34,89,77,69,91,90,54,12,33,100,28,26,6,7,7,73,68,31,0,cat_0,cat_1,cat_1,cat_0,cat_2,cat_3,cat_2,cat_2,cat_0,cat_1,cat_1,cat_1,cat_3,cat_3,cat_3,cat_3,cat_1,cat_2,cat_3,cat_0,false,false,true,true,false,false,false,true,true,true,7262688045,2802575515,9056787620,1575308707,7085243435,2632342910,6688307386,2103457655,7661398646,1308597877
35,27,49,7,34,39,8,11,61,83,23,83,49,38,83,22,13,57,63,97,cat_1,cat_0,cat_3,cat_2,cat_2,cat_0,cat_2,cat_2,cat_3,cat_2,cat_1,cat_1,cat_0,cat_2,cat_0,cat_1,cat_2,cat_3,cat_1,cat_2,false,true,true,true,false,true,false,false,false,false,5818784624,6109476611,3460598991,1850715409,4387080865,2516711648,5782560528,3912484478,7641836453,6533426945
77,39,62,52,74,23,71,100,74,36,95,92,4,53,56,92,69,41,73,44,cat_3,cat_3,cat_1,cat_2,cat_1,cat_3,cat_3,cat_2,cat_0,cat_2,cat_2,cat_0,cat_2,cat_2,cat_2,cat_3,cat_2,cat_0,cat_3,cat_0,false,false,true,false,false,false,true,true,true,false,3176132611,5032414719,7202396734,2812325662,4194498200,3718540206,6095043488,6858392136,7809793955,8605712379
85,2,5,78,49,29,92,67,61,17,54,52,43,14,75,81,32,87,29,15,cat_0,cat_0,cat_2,cat_0,cat_0,cat_1,cat_3,cat_2,cat_3,cat_0,cat_1,cat_0,cat_1,cat_3,cat_3,cat_3,cat_3,cat_1,cat_1,cat_1,true,false,false,false,false,false,true,true,true,false,4587373776,2914350882,5546266108,9673026197,8958517793,2055930706,1121994306,7380064906,3205714419,9605609903
89,34,19,22,19,68,38,18,69,84,31,84,3,87,13,58,97,51,21,25,cat_0,cat_0,cat_2,cat_2,cat_0,cat_2,cat_0,cat_3,cat_0,cat_1,cat_3,cat_2,cat_3,cat_1,cat_0,cat_2,cat_2,cat_0,cat_2,cat_3,true,true,true,false,true,false,false,true,false,false,2487552625,8959316886,1251983531,2067761911,1525791424,1469931484,5121634535,5376053113,6673124524,9223481779
20,61,21,14,5,14,86,92,95,40,2,30,93,39,69,61,47,47,99,65,cat_1,cat_1,cat_3,cat_3,cat_0,cat_2,cat_2,cat_1,cat_2,cat_0,cat_1,cat_3,cat_2,cat_3,cat_2,cat_1,cat_3,cat_0,cat_0,cat_1,true,false,false,false,true,true,false,false,true,true,7709835588,9806406870,5156090153,4727700979,9579231795,9928935637,5061321671,2017873135,2995958375,3196470859
89,48,90,73,4,84,25,77,100,87,72,77,22,99,68,6,56,85,11,54,cat_0,cat_2,cat_3,cat_3,cat_0,cat_0,cat_3,cat_2,cat_2,cat_3,cat_1,cat_2,cat_0,cat_1,cat_2,cat_2,cat_0,cat_0,cat_1,cat_1,true,true,false,true,false,false,false,false,false,true,4394186579,7802925166,9739567951,2791806804,9952614042,8085994889,3134823331,5126230103,9863940445,6306265118
41,25,96,1,21,22,23,20,64,2,76,97,58,2,72,3,84,44,58,93,cat_3,cat_3,cat_0,cat_2,cat_1,cat_0,cat_3,cat_1,cat_2,cat_2,cat_2,cat_3,cat_3,cat_2,cat_3,cat_0,cat_3,cat_1,cat_3,cat_0,true,false,false,true,true,false,true,true,false,false,7185844037,2902596315,8732562325,7333627482,2369624659,2695150059,2804370404,8654800883,7746022757,3152495364
69,22,2,20,55,22,56,64,78,28,32,51,48,79,99,70,93,13,79,42,cat_3,cat_2,cat_0,cat_0,cat_3,cat_2,cat_2,cat_0,cat_2,cat_2,cat_1,cat_3,cat_1,cat_3,cat_3,cat_0,cat_2,cat_0,cat_3,cat_2,true,true,true,false,true,true,false,true,true,false,3067091990,9439601732,1082908386,2220534593,4911312874,3724583503,3104653629,9764838651,9127377093,7296836171
73,72,59,15,81,94,23,57,36,17,25,29,85,72,20,37,38,38,4,32,cat_1,cat_3,cat_0,cat_1,cat_2,cat_3,cat_0,cat_3,cat_0,cat_2,cat_3,cat_2,cat_3,cat_0,cat_3,cat_3,cat_3,cat_2,cat_3,cat_3,true,false,true,true,true,false,false,false,true,true,3981736407,5757331050,2642570648,2138956603,2676321851,8761437752,4644464550,3301655255,7038384183,1049773207
72,46,11,51,0,33,11,30,91,31,67,67,49,11,4,12,27,33,68,41,cat_1,cat_2,cat_0,cat_3,cat_1,cat_2,cat_0,cat_3,cat_3,cat_0,cat_0,cat_3,cat_0,cat_0,cat_1,cat_3,cat_0,cat_1,cat_3,cat_2,false,true,true,true,true,true,false,true,false,true,6072798850,2527512557,3029826184,6193184834,8666651176,5191829785,5064719364,3839377855,3859064110,9684889336
13,30,97,72,27,40,88,34,63,63,30,80,37,6,33,75,69,24,18,94,cat_1,cat_3,cat_0,cat_1,cat_3,cat_1,cat_0,cat_1,cat_3,cat_0,cat_0,cat_0,cat_0,cat_1,cat_1,cat_2,cat_2,cat_0,cat_1,cat_2,false,false,false,false,true,false,false,false,false,false,1120069879,9647689916,5703325250,5174379046,1758864145,7474211503,7911654519,2134447890,8543535484,1408633123
91,41,88,87,97,10,44,42,73,65,33,28,37,42,63,22,17,60,9,67,cat_0,cat_0,cat_2,cat_0,cat_2,cat_1,cat_0,cat_3,cat_2,cat_1,cat_0,cat_0,cat_3,cat_1,cat_1,cat_3,cat_1,cat_1,cat_1,cat_0,true,true,true,false,true,false,true,true,true,true,8713402896,8878165843,4870776939,8260644233,5697206900,8098428200,2773163689,8059704565,2040474508,9317445628
83,61,86,47,16,46,9,79,2,55,52,73,34,60,71,7,24,49,95,15,cat_3,cat_2,cat_0,cat_3,cat_2,cat_0,cat_1,cat_0,cat_0,cat_0,cat_0,cat_2,cat_3,cat_3,cat_1,cat_2,cat_1,cat_2,cat_0,cat_2,false,false,false,false,true,true,true,false,true,false,3597650197,4310592726,7581728464,4603502134,9155013602,7273798157,6455776835,8589964914,8085424128,3383845926
27,99,84,67,64,69,62,54,1,7,46,32,39,68,51,26,21,17,78,9,cat_2,cat_3,cat_2,cat_3,cat_3,cat_3,cat_0,cat_0,cat_0,cat_2,cat_2,cat_0,cat_3,cat_0,cat_3,cat_2,cat_1,cat_0,cat_2,cat_3,false,true,false,false,true,true,false,false,false,true,5812317488,9163860041,1961296489,1364076437,3620541294,9034861247,7274966823,4623620314,4422005015,7699140070
81,18,12,89,93,0,64,89,24,69,14,90,80,61,85,60,24,27,22,8,cat_2,cat_2,cat_0,cat_1,cat_0,cat_0,cat_0,cat_1,cat_2,cat_3,cat_0,cat_1,cat_2,cat_0,cat_0,cat_3,cat_1,cat_0,cat_3,cat_1,false,false,false,true,false,true,true,false,true,true,5521718264,9639821973,2926763998,8646890657,7311754032,6324873832,6794811411,8618323256,7195546216,1367963727
73,53,40,98,26,28,84,7,30,84,0,66,11,63,70,21,2,14,54,52,cat_1,cat_3,cat_2,cat_0,cat_2,cat_2,cat_2,cat_3,cat_3,cat_2,cat_2,cat_2,cat_2,cat_1,cat_1,cat_0,cat_2,cat_1,cat_2,cat_1,true,true,false,true,false,true,true,false,true,true,3314922493,1575687968,6069074160,6172627331,6114267501,4787899456,7971083058,1325148397,2291070298,4060558042
34,89,30,35,89,42,19,50,83,19,30,79,9,3,86,62,42,56,58,91,cat_3,cat_1,cat_0,cat_3,cat_0,cat_1,cat_0,cat_2,cat_1,cat_2,cat_0,cat_3,cat_0,cat_1,cat_3,cat_0,cat_2,cat_2,cat_2,cat_1,true,true,false,true,false,false,false,false,false,false,7674731942,7290715190,4566495533,4298876519,2753504817,2293754585,3329028676,9040363219,7252592228,4382810556
36,61,76,11,93,1,18,30,54,45,2,56,52,89,22,73,26,86,66,78,cat_3,cat_1,cat_2,cat_3,cat_2,cat_0,cat_1,cat_3,cat_1,cat_0,cat_2,cat_3,cat_3,cat_1,cat_3,cat_0,cat_0,cat_3,cat_1,cat_2,true,true,false,false,true,true,true,false,false,false,5314516885,1400931950,6779984106,2104267998,6331239289,4935965453,3751246182,6044222903,4923915274,7699865285
15,89,82,59,82,78,30,1,46,74,93,39,60,43,7,36,14,63,5,55,cat_0,cat_0,cat_1,cat_3,cat_1,cat_3,cat_0,cat_0,cat_0,cat_0,cat_1,cat_3,cat_1,cat_2,cat_0,cat_3,cat_0,cat_0,cat_2,cat_0,true,true,true,false,true,false,true,true,false,false,1577911745,1078222956,2351866502,6796818665,9131777868,9690315083,2342103186,7735185709,9963210987,4817308267
8,76,7,69,47,6,28,48,80,88,50,49,82,9,11,96,16,33,34,38,cat_0,cat_0,cat_3,cat_0,cat_2,cat_2,cat_0,cat_0,cat_3,cat_1,cat_2,cat_2,cat_0,cat_1,cat_0,cat_2,cat_2,cat_1,cat_2,cat_2,true,true,false,false,false,false,false,false,true,true,5054896031,8602561955,5934524120,3527187859,1816316161,7607689373,9653712522,1296060692,9330327060,2447440677
61,26,78,74,32,48,82,64,82,75,98,95,52,33,45,63,55,17,30,6,cat_0,cat_3,cat_3,cat_1,cat_1,cat_2,cat_0,cat_3,cat_3,cat_3,cat_0,cat_1,cat_3,cat_2,cat_0,cat_3,cat_2,cat_3,cat_2,cat_3,false,false,false,true,true,false,false,true,false,false,3200537569,7226760749,9393463458,3093472155,5321334391,9868279227,1705904273,4676470231,6985680829,6510216235
81,59,6,56,5,21,62,71,57,58,31,10,11,98,42,56,2,89,72,36,cat_0,cat_0,cat_1,cat_2,cat_3,cat_1,cat_3,cat_0,cat_3,cat_1,cat_0,cat_3,cat_0,cat_0,cat_1,cat_2,cat_2,cat_3,cat_3,cat_0,false,true,true,true,false,true,true,false,true,true,8048954254,5650646074,8629072595,6944904974,1117318572,6692524563,5788151926,5991215941,8607268802,6647394012
61,74,57,41,80,13,35,35,89,11,20,27,98,14,59,9,49,87,3,27,cat_1,cat_1,cat_2,cat_2,cat_3,cat_1,cat_0,cat_0,cat_3,cat_3,cat_3,cat_1,cat_0,cat_0,cat_0,cat_1,cat_2,cat_1,cat_3,cat_2,false,true,false,false,true,false,true,true,false,true,1758180787,5715586335,1541407038,5091329622,9615469364,9228050619,8661089379,5416675359,9767675883,2848484149
11,83,59,18,71,82,51,36,74,95,78,74,68,99,87,50,62,78,40,56,cat_1,cat_0,cat_3,cat_0,cat_1,cat_3,cat_2,cat_1,cat_2,cat_2,cat_1,cat_0,cat_0,cat_0,cat_2,cat_0,cat_3,cat_3,cat_0,cat_3,true,true,true,true,false,true,false,false,false,true,3034882510,3095943068,4830376985,2402923683,4592578952,7624252219,9363821991,6393456105,1721772774,6982215592
44,71,93,75,72,96,86,84,19,55,96,42,47,11,20,42,21,58,78,50,cat_2,cat_3,cat_3,cat_1,cat_0,cat_1,cat_1,cat_0,cat_1,cat_1,cat_2,cat_2,cat_0,cat_0,cat_3,cat_2,cat_0,cat_1,cat_2,cat_1,true,false,false,false,false,true,true,true,false,true,5571870746,7568509330,4164959113,1170791627,2109734505,8420039821,8913838406,6545159962,7104802445,7378991525
8,3,82,76,95,64,7,32,40,88,5,1,48,33,62,77,7,79,100,20,cat_0,cat_3,cat_0,cat_0,cat_3,cat_2,cat_0,cat_2,cat_2,cat_0,cat_1,cat_3,cat_0,cat_1,cat_2,cat_0,cat_3,cat_1,cat_1,cat_0,false,true,true,false,false,true,true,false,false,false,2380307820,4410673664,4220494002,9169769763,2788321136,7545934623,7731263461,7791778334,3344709654,5310221456
52,61,42,27,45,57,29,20,67,12,65,61,16,84,32,41,63,4,18,88,cat_1,cat_1,cat_0,cat_2,cat_0,cat_2,cat_2,cat_3,cat_0,cat_0,cat_2,cat_1,cat_3,cat_3,cat_2,cat_3,cat_1,cat_0,cat_1,cat_1,false,true,true,false,true,true,false,true,true,true,2023745096,1016716246,5223893315,7966216305,3560288453,1449867875,5964401549,5545570633,7958443837,5208843053
19,92,47,41,25,44,79,45,36,58,27,44,52,14,46,54,69,36,11,60,cat_2,cat_0,cat_3,cat_3,cat_0,cat_2,cat_2,cat_1,cat_1,cat_3,cat_0,cat_1,cat_3,cat_3,cat_3,cat_0,cat_2,cat_3,cat_0,cat_2,false,false,true,true,true,false,true,true,false,true,3140657628,3157843215,2544974880,9879590950,4048239613,9847366196,3712273483,3804884033,6492430966,9603876573
2,9,0,58,15,95,38,2,90,81,78,79,50,60,8,68,19,68,65,0,cat_3,cat_1,cat_1,cat_0,cat_3,cat_2,cat_2,cat_3,cat_0,cat_0,cat_2,cat_3,cat_1,cat_3,cat_1,cat_2,cat_1,cat_2,cat_2,cat_3,true,true,false,true,false,true,true,false,true,true,5602768285,2080192824,9987783488,1830045677,2695279677,9896124388,8864693672,5141233459,1312446712,2471266180
37,51,9,64,20,62,86,28,47,93,92,71,49,98,46,66,46,2,41,31,cat_0,cat_3,cat_0,cat_0,cat_2,cat_0,cat_1,cat_0,cat_2,cat_0,cat_3,cat_0,cat_0,cat_2,cat_0,cat_2,cat_0,cat_1,cat_3,cat_3,false,false,false,true,true,false,true,false,false,true,9076527967,9732917433,4289323594,9835175309,3027790899,6371234499,3105216829,3535089375,2053651692,7770735526
54,100,24,72,27,1,45,94,25,31,20,44,26,7,27,85,8,100,80,35,cat_1,cat_1,cat_3,cat_3,cat_3,cat_0,cat_0,cat_0,cat_1,cat_1,cat_1,cat_0,cat_0,cat_1,cat_2,cat_1,cat_0,cat_3,cat_3,cat_1,false,true,false,false,false,false,true,true,false,false,1021975952,1447050453,6488002661,4650733947,9083869879,8346000787,6580789920,8692628335,4745501737,3816606519
98,93,51,47,94,58,8,10,21,29,55,99,1,19,72,87,92,60,30,71,cat_0,cat_3,cat_1,cat_0,cat_1,cat_3,cat_0,cat_0,cat_3,cat_1,cat_1,cat_2,cat_1,cat_3,cat_2,cat_0,cat_2,cat_0,cat_3,cat_0,false,true,false,false,true,true,true,false,false,false,8133827254,4576948465,8044331942,8861008112,1712025659,9679803449,7687791534,4139480925,5394035976,1489057786
53,5,100,81,9,86,81,22,33,34,30,31,51,45,68,35,44,68,5,10,cat_3,cat_2,cat_1,cat_3,cat_1,cat_3,cat_2,cat_1,cat_2,cat_2,cat_1,cat_1,cat_0,cat_1,cat_1,cat_3,cat_1,cat_0,cat_2,cat_2,true,false,true,false,true,true,false,true,false,false,4662387065,4940626695,1283218486,9460339375,9762445206,7230040729,3664676035,1087254653,7386119741,4859424385
15,59,13,40,62,55,22,16,0,88,55,29,8,84,46,54,50,48,76,9,cat_1,cat_3,cat_3,cat_1,cat_2,cat_1,cat_1,cat_2,cat_2,cat_2,cat_0,cat_3,cat_3,cat_0,cat_0,cat_2,cat_2,cat_2,cat_0,cat_1,true,false,true,true,true,false,true,true,false,true,7161556727,6988615704,9235683204,9446971664,1608265709,3689906890,9881861730,2830557831,7048912873,9821598742
5,29,43,75,54,83,20,100,64,85,70,77,50,90,14,31,48,29,34,22,cat_2,cat_3,cat_1,cat_1,cat_3,cat_3,cat_0,cat_2,cat_3,cat_3,cat_0,cat_1,cat_3,cat_2,cat_2,cat_1,cat_1,cat_2,cat_0,cat_2,true,true,false,false,true,false,true,true,true,false,8645626996,7061806788,5631714603,6775216032,2854783140,9268245117,9171462644,5251262319,6887705427,1839215037
77,30,72,45,94,70,80,27,52,27,40,36,14,1,61,48,47,60,56,53,cat_2,cat_2,cat_3,cat_3,cat_3,cat_0,cat_0,cat_3,cat_3,cat_0,cat_2,cat_2,cat_0,cat_0,cat_3,cat_0,cat_0,cat_2,cat_0,cat_1,false,false,true,false,true,true,true,true,true,false,6027447486,5309901234,5865153643,9949901762,5835355244,9796809657,3162233695,1189933253,8109938503,8198735852
78,82,39,89,36,94,79,77,11,71,9,7,59,48,63,42,83,12,29,24,cat_0,cat_0,cat_3,cat_3,cat_0,cat_3,cat_2,cat_2,cat_0,cat_1,cat_1,cat_0,cat_1,cat_1,cat_0,cat_0,cat_2,cat_2,cat_2,cat_0,false,false,false,true,true,false,true,false,false,true,3058449712,8102244520,2929802670,3342295494,8405317334,8315157815,5390056427,6360266683,5045731146,9932468988
97,91,14,76,19,10,3,9,9,12,0,46,84,4,38,43,35,49,0,32,cat_2,cat_2,cat_2,cat_2,cat_1,cat_0,cat_3,cat_0,cat_0,cat_2,cat_2,cat_2,cat_1,cat_2,cat_1,cat_0,cat_1,cat_2,cat_0,cat_3,false,false,false,true,false,true,true,false,false,false,5425779867,5192933264,9048429766,2853931486,9088598083,6035828316,5207286222,4305393877,3936784408,1566409660
5,99,57,98,14,13,57,53,77,1,14,8,99,38,7,77,23,10,65,25,cat_1,cat_2,cat_1,cat_2,cat_2,cat_0,cat_1,cat_3,cat_1,cat_0,cat_3,cat_1,cat_2,cat_3,cat_2,cat_1,cat_2,cat_3,cat_2,cat_1,false,true,true,true,false,true,true,true,false,true,5779247210,6718248709,6516335025,5659844770,6220561287,4868618861,4685652263,4124534188,4440348584,7856602886
48,86,10,92,69,97,14,1,23,21,28,60,41,55,74,7,73,79,26,5,cat_3,cat_2,cat_1,cat_1,cat_0,cat_1,cat_2,cat_3,cat_3,cat_3,cat_1,cat_0,cat_1,cat_2,cat_1,cat_0,cat_0,cat_1,cat_3,cat_0,true,true,true,false,true,true,false,false,false,false,1558207882,5948158678,7760152654,3569271230,5727932469,8817630672,5545766770,2430753259,8954399970,6884693760
91,8,83,44,43,11,98,56,49,45,92,43,36,62,50,95,64,12,50,13,cat_1,cat_1,cat_1,cat_0,cat_0,cat_2,cat_3,cat_2,cat_0,cat_1,cat_3,cat_1,cat_3,cat_1,cat_2,cat_1,cat_3,cat_3,cat_0,cat_0,false,true,false,false,true,true,true,true,false,true,1140195471,7597691016,2437308521,6933229177,2945696622,2692798087,6218800878,9965829493,7634583590,6144368146
75,27,26,88,85,85,100,52,93,9,35,25,24,44,81,53,17,18,63,67,cat_3,cat_1,cat_3,cat_0,cat_1,cat_1,cat_1,cat_3,cat_1,cat_3,cat_2,cat_1,cat_3,cat_2,cat_2,cat_0,cat_1,cat_1,cat_0,cat_1,false,true,false,false,false,true,false,false,false,false,3109967833,4166536808,5153614825,1866687360,9747469097,7502985285,9485940097,4951452932,3710936365,8941575995
42,32,30,43,77,10,30,88,41,0,31,46,96,89,52,3,67,77,10,48,cat_0,cat_3,cat_2,cat_0,cat_2,cat_0,cat_3,cat_2,cat_1,cat_3,cat_3,cat_2,cat_3,cat_2,cat_1,cat_3,cat_3,cat_0,cat_1,cat_3,false,true,true,false,false,true,true,false,false,false,1573394250,6603315040,4733156224,1930525211,7568853529,2102584744,5876085311,8930055126,4118187742,5347448047
70,30,88,36,93,25,13,66,28,40,8,16,6,55,78,54,75,25,30,80,cat_1,cat_3,cat_0,cat_3,cat_3,cat_2,cat_3,cat_3,cat_2,cat_3,cat_2,cat_0,cat_1,cat_1,cat_1,cat_1,cat_0,cat_0,cat_2,cat_0,true,false,true,true,true,true,true,true,true,false,5072751064,9766008424,9564486410,2996845473,6377234675,7874387212,5623296686,9331579076,3832506340,9215743472
35,24,6,38,20,13,22,98,90,56,72,12,74,100,25,55,63,51,39,43,cat_3,cat_2,cat_2,cat_2,cat_2,cat_2,cat_2,cat_0,cat_2,cat_2,cat_0,cat_1,cat_3,cat_2,cat_3,cat_3,cat_2,cat_0,cat_0,cat_0,true,false,false,true,true,true,true,true,true,false,1220027271,8668345435,4652628030,8092993525,6411419548,8394091972,4415316512,1170711777,9737745803,5086081104
64,99,19,34,33,35,17,60,50,12,64,28,62,26,27,28,30,70,54,37,cat_2,cat_3,cat_1,cat_0,cat_3,cat_0,cat_0,cat_0,cat_3,cat_3,cat_0,cat_3,cat_2,cat_1,cat_2,cat_1,cat_3,cat_2,cat_1,cat_2,true,false,false,false,false,false,true,false,false,false,4923752932,9712859849,1101251802,9574357556,3194275782,2757344852,8724407575,8667004877,3471635868,2032406476
30,33,82,23,17,10,71,30,4,22,16,73,79,38,89,73,24,17,45,44,cat_2,cat_2,cat_0,cat_2,cat_0,cat_2,cat_2,cat_3,cat_1,cat_0,cat_2,cat_2,cat_3,cat_0,cat_1,cat_2,cat_3,cat_1,cat_0,cat_3,true,true,false,false,false,false,false,true,false,false,5064978798,6962026118,6386495248,2643796754,8586128671,3277717839,9739462385,8213628423,4219659206,7139861224
4,17,18,15,11,84,40,11,5,19,7,98,8,67,51,53,60,39,66,38,cat_3,cat_1,cat_0,cat_1,cat_1,cat_0,cat_2,cat_1,cat_1,cat_1,cat_3,cat_1,cat_1,cat_2,cat_1,cat_1,cat_1,cat_3,cat_2,cat_0,false,false,true,false,false,true,false,true,true,false,8490542912,7180439231,8397825212,6182170361,7719097037,2208408424,3680404227,7656058410,7771834506,5283047595
39,23,74,77,79,42,89,41,33,31,54,58,99,53,93,69,49,20,60,84,cat_1,cat_3,cat_3,cat_1,cat_0,cat_3,cat_0,cat_2,cat_0,cat_2,cat_0,cat_2,cat_0,cat_0,cat_3,cat_0,cat_2,cat_0,cat_2,cat_1,true,true,true,false,true,true,true,false,false,true,1864017502,9604271569,8952523786,3393149161,4907129366,6014273187,2217407134,3808815156,6462543178,9741905085
0,79,1,64,10,3,27,98,88,39,66,30,51,63,35,90,36,85,57,63,cat_0,cat_2,cat_1,cat_1,cat_0,cat_3,cat_1,cat_0,cat_0,cat_3,cat_1,cat_0,cat_2,cat_3,cat_3,cat_2,cat_0,cat_2,cat_2,cat_3,false,true,true,true,false,false,false,false,true,true,1720841759,3300775625,8764894124,7848354319,3261066563,9054948544,4469138040,5428005162,6579123026,1924032254
9,90,14,28,87,26,71,64,89,18,99,39,62,42,87,93,19,69,55,14,cat_1,cat_2,cat_1,cat_0,cat_0,cat_3,cat_0,cat_2,cat_3,cat_0,cat_3,cat_2,cat_0,cat_2,cat_0,cat_3,cat_0,cat_1,cat_1,cat_0,true,true,false,true,false,true,false,true,true,false,4794914340,9806056095,5395888813,6577751276,5189923556,7223722119,8170397314,1877826333,1929619428,8048268623
13,86,29,93,17,6,99,81,31,48,25,8,37,45,23,35,80,57,45,82,cat_1,cat_3,cat_0,cat_1,cat_2,cat_1,cat_2,cat_2,cat_2,cat_2,cat_2,cat_3,cat_2,cat_0,cat_3,cat_3,cat_3,cat_3,cat_1,cat_0,false,false,true,true,false,true,false,false,false,false,4801306581,8797455074,9331072329,1187350521,1244906080,9205276495,3602629804,6689751303,1983549588,3609683409
76,4,36,43,12,91,54,33,89,36,29,49,3,90,96,80,92,49,28,24,cat_1,cat_0,cat_2,cat_0,cat_1,cat_1,cat_1,cat_1,cat_0,cat_3,cat_3,cat_2,cat_0,cat_0,cat_0,cat_1,cat_3,cat_2,cat_1,cat_0,false,false,false,true,true,false,true,true,true,false,6355496987,5115711694,5323778182,4730498520,4041941074,1001843788,8462688745,8888169360,2905708807,1724763195
68,32,26,93,0,56,3,65,88,72,45,47,20,57,89,62,15,26,64,81,cat_3,cat_3,cat_2,cat_0,cat_1,cat_3,cat_0,cat_2,cat_0,cat_3,cat_0,cat_3,cat_3,cat_2,cat_2,cat_2,cat_1,cat_1,cat_2,cat_0,true,false,false,false,false,true,false,true,false,true,9789153169,1015299822,6797479407,8059266657,7772390443,2233432042,2323021751,7027722024,4232261358,4227712864
4,21,28,82,89,4,37,44,78,64,53,59,63,21,41,36,94,88,14,23,cat_2,cat_0,cat_1,cat_1,cat_3,cat_3,cat_1,cat_3,cat_2,cat_0,cat_1,cat_2,cat_3,cat_2,cat_0,cat_2,cat_1,cat_1,cat_2,cat_2,false,true,false,true,true,false,false,false,true,false,5116801034,1343646521,1831141281,2338148055,1269036483,1908468261,8327517026,4852556165,6623971474,6153587771
25,5,71,31,10,15,11,3,5,25,7,89,87,75,91,31,96,71,75,82,cat_3,cat_3,cat_3,cat_0,cat_3,cat_2,cat_0,cat_2,cat_1,cat_3,cat_3,cat_1,cat_3,cat_0,cat_3,cat_3,cat_3,cat_3,cat_1,cat_1,true,true,false,true,false,false,true,false,true,false,1870271665,6243113963,5339882246,8028238369,4807204468,7360150676,6435978174,4461797178,3395682340,3798980728
52,40,65,36,80,65,56,27,78,17,0,58,28,21,36,1,74,88,21,5,cat_2,cat_1,cat_1,cat_2,cat_3,cat_1,cat_3,cat_3,cat_1,cat_0,cat_3,cat_1,cat_2,cat_0,cat_0,cat_2,cat_1,cat_2,cat_1,cat_1,true,true,true,true,true,false,true,false,false,false,5765357948,3676900593,7351568675,2123959153,4914141068,7587967863,6813752285,7955646890,5822512979,8358172277
37,23,53,55,100,92,31,74,42,74,8,87,67,24,45,62,58,82,40,10,cat_2,cat_3,cat_2,cat_3,cat_0,cat_2,cat_2,cat_0,cat_2,cat_0,cat_0,cat_2,cat_1,cat_3,cat_1,cat_0,cat_3,cat_2,cat_2,cat_0,false,false,false,true,true,true,true,true,false,false,6425085978,7549401758,5062157270,5894372714,4210436410,7599371019,2843010178,2731588448,8902390151,4155337815
78,54,64,34,66,27,64,30,73,71,30,29,58,14,53,19,64,12,81,65,cat_3,cat_3,cat_2,cat_2,cat_1,cat_0,cat_1,cat_1,cat_2,cat_0,cat_3,cat_1,cat_0,cat_2,cat_2,cat_0,cat_2,cat_2,cat_0,cat_0,true,true,false,false,false,true,false,false,true,true,1522092052,7158984649,9588770327,6683422605,3857117296,7489890110,5684846650,6518660314,7451566159,8658952382
33,11,99,57,50,41,58,71,69,25,4,69,25,94,3,71,54,54,29,8,cat_0,cat_2,cat_0,cat_0,cat_0,cat_1,cat_0,cat_2,cat_2,cat_3,cat_1,cat_2,cat_2,cat_2,cat_0,cat_2,cat_3,cat_3,cat_0,cat_0,false,false,true,false,false,true,false,false,true,true,1398195636,4477931618,7381824080,8472802547,3659823625,2893811875,4555066672,2340349325,7881819572,3070262126
19,93,77,16,90,90,30,95,13,89,9,44,38,54,24,43,94,73,17,30,cat_1,cat_1,cat_3,cat_3,cat_3,cat_2,cat_1,cat_1,cat_0,cat_2,cat_2,cat_2,cat_1,cat_1,cat_3,cat_3,cat_0,cat_1,cat_1,cat_2,false,true,false,true,false,true,false,true,false,false,9874027606,7224937373,4950934936,7084351904,8708102607,9959780759,5414114325,9350829099,6012986740,9630763474
88,10,40,61,58,56,15,77,9,92,63,2,29,24,49,48,46,77,47,13,cat_0,cat_2,cat_0,cat_3,cat_2,cat_2,cat_1,cat_3,cat_0,cat_2,cat_1,cat_1,cat_1,cat_2,cat_2,cat_1,cat_0,cat_2,cat_2,cat_2,false,false,false,true,true,true,false,false,true,false,2133073668,6373142525,3809811083,1637522568,5773995741,1685850388,1526848793,2738327859,3008159795,3268263866
5,15,100,42,70,95,51,75,36,7,71,36,20,76,11,20,8,93,68,67,cat_1,cat_1,cat_0,cat_3,cat_0,cat_1,cat_0,cat_0,cat_3,cat_1,cat_2,cat_3,cat_0,cat_1,cat_1,cat_0,cat_0,cat_3,cat_3,cat_2,true,false,true,false,false,true,true,true,true,false,5234852820,3134766419,5971512411,1391000943,8275886966,7605277126,5935754271,1067565709,1141880171,5291313931
43,11,68,68,84,79,73,57,77,13,82,72,81,30,27,48,13,48,23,47,cat_3,cat_3,cat_1,cat_2,cat_0,cat_3,cat_0,cat_0,cat_3,cat_0,cat_0,cat_1,cat_0,cat_3,cat_2,cat_3,cat_2,cat_3,cat_1,cat_0,true,true,true,false,false,false,false,false,true,false,8789935950,1552479671,2203518916,6743981981,1574283730,8851883335,9453642642,3608452528,8719108046,3419853547
40,33,100,100,78,38,80,77,95,52,19,22,63,42,37,34,72,81,80,53,cat_2,cat_0,cat_3,cat_2,cat_1,cat_2,cat_0,cat_0,cat_1,cat_1,cat_2,cat_1,cat_1,cat_1,cat_0,cat_2,cat_0,cat_2,cat_2,cat_3,true,true,false,true,true,true,true,true,false,false,5329182511,9952461915,5709582569,1573633954,9899045991,9675332995,5914664821,4936860451,5894488289,7111474617
46,37,24,22,56,98,94,60,43,84,35,72,47,28,26,45,10,12,7,69,cat_0,cat_0,cat_3,cat_2,cat_1,cat_1,cat_2,cat_3,cat_1,cat_0,cat_0,cat_3,cat_0,cat_1,cat_3,cat_1,cat_1,cat_3,cat_1,cat_3,true,true,true,true,false,true,false,true,false,false,4163437721,7678794524,8800023188,9364731053,5612089819,2512597686,4264514327,4805187616,4582020949,7662262874
17,4,59,79,33,41,77,82,27,91,15,64,64,86,63,0,57,65,70,10,cat_1,cat_0,cat_1,cat_2,cat_1,cat_0,cat_0,cat_3,cat_2,cat_0,cat_3,cat_2,cat_1,cat_1,cat_2,cat_3,cat_1,cat_2,cat_2,cat_2,false,true,false,true,true,true,true,false,false,true,3632451396,3611449392,4029512333,8526622047,2039958909,1958901618,7806462218,9522955946,3511926045,9472113877
48,45,22,67,22,89,20,78,60,30,53,10,75,100,65,42,20,46,94,98,cat_1,cat_1,cat_1,cat_2,cat_1,cat_1,cat_1,cat_0,cat_3,cat_1,cat_3,cat_0,cat_3,cat_0,cat_3,cat_1,cat_2,cat_2,cat_2,cat_0,true,false,false,false,false,false,false,true,true,true,8098741511,4060735967,7638789590,8564958369,9835687741,4628823754,9566330928,1671449831,7961544881,6512753385
48,57,79,66,89,1,28,81,87,69,63,29,74,71,44,21,61,31,68,8,cat_1,cat_3,cat_2,cat_0,cat_3,cat_0,cat_0,cat_1,cat_2,cat_2,cat_3,cat_1,cat_1,cat_1,cat_3,cat_0,cat_2,cat_1,cat_3,cat_2,true,false,false,false,true,true,true,true,false,false,4119846493,1253595759,6432873935,6983568223,1285459241,5035467368,4594822109,4748457492,6045021721,5332482554
58,74,10,56,0,24,84,87,13,8,3,43,81,84,81,24,39,10,81,45,cat_3,cat_2,cat_1,cat_3,cat_1,cat_1,cat_1,cat_1,cat_3,cat_1,cat_1,cat_3,cat_3,cat_0,cat_1,cat_2,cat_1,cat_1,cat_2,cat_1,false,true,false,false,false,true,true,false,true,false,8235899241,9492896744,6888966219,9398871256,4515421887,1405515344,1924055416,2287374965,7719434297,6138878952
66,93,5,79,8,89,67,97,60,63,45,24,72,13,4,35,88,53,53,75,cat_0,cat_3,cat_2,cat_1,cat_1,cat_0,cat_0,cat_2,cat_3,cat_0,cat_1,cat_1,cat_1,cat_1,cat_1,cat_2,cat_3,cat_1,cat_3,cat_1,false,true,false,true,false,false,false,true,true,false,3496936222,8328133174,1583052491,2670509583,8058058209,3673051377,3990903516,6035040825,7841367759,4254713364
49,86,14,6,36,68,34,2,34,19,10,30,28,52,71,60,15,90,79,22,cat_0,cat_2,cat_1,cat_1,cat_0,cat_3,cat_2,cat_1,cat_1,cat_3,cat_1,cat_0,cat_3,cat_2,cat_2,cat_1,cat_2,cat_3,cat_2,cat_3,true,false,true,false,true,false,true,false,false,true,7172419967,6535365272,7744047889,1092684005,3661448838,5931325524,8061094260,9758754141,3165733592,4772185913
82,43,76,8,87,82,12,95,65,92,71,68,36,22,7,96,100,4,24,68,cat_0,cat_3,cat_3,cat_0,cat_3,cat_3,cat_2,cat_1,cat_0,cat_2,cat_2,cat_0,cat_3,cat_2,cat_1,cat_2,cat_1,cat_1,cat_2,cat_1,true,false,false,false,false,false,true,false,true,false,6417265580,4878969584,2916794552,7380423188,7103659942,2709153955,1271715235,1694373419,2621925748,2528565650
76,0,3,53,89,1,16,63,96,29,60,0,81,65,51,58,91,38,29,57,cat_0,cat_1,cat_3,cat_3,cat_0,cat_2,cat_1,cat_3,cat_3,cat_1,cat_2,cat_2,cat_2,cat_3,cat_3,cat_2,cat_3,cat_1,cat_3,cat_0,false,false,false,true,true,true,true,false,true,true,8008216069,8571220554,4319357499,6529357666,3943032660,2916717928,4057569267,5543023853,1688620736,5089049129
87,3,12,54,53,27,59,59,9,99,11,48,48,85,52,98,41,95,3,38,cat_1,cat_0,cat_0,cat_0,cat_3,cat_1,cat_3,cat_3,cat_3,cat_0,cat_3,cat_2,cat_2,cat_0,cat_0,cat_2,cat_2,cat_2,cat_2,cat_3,false,false,true,true,true,false,true,true,true,true,7556603269,4678119408,8641487211,4990388451,1828627318,1080216121,7923829025,6312685799,9547818598,8619238849
71,42,25,70,21,96,52,87,25,57,77,25,99,13,30,7,94,27,53,27,cat_2,cat_3,cat_2,cat_0,cat_1,cat_3,cat_3,cat_1,cat_2,cat_0,cat_2,cat_1,cat_2,cat_1,cat_3,cat_1,cat_2,cat_2,cat_3,cat_1,false,true,true,false,true,false,true,true,false,true,7249917146,9690995078,3995316224,9030833754,1185055243,8286765906,1864709042,5094218943,5865733796,4922731654
13,42,32,78,0,75,3,43,5,16,66,67,49,56,92,47,77,64,81,70,cat_2,cat_3,cat_0,cat_0,cat_0,cat_0,cat_1,cat_3,cat_0,cat_1,cat_0,cat_1,cat_3,cat_2,cat_2,cat_1,cat_2,cat_3,cat_2,cat_1,true,false,true,false,true,false,true,true,false,true,5036794727,2764118872,2137470899,1887761094,2272617687,1641565865,8920864333,6746681478,3980203497,6563838073
79,55,10,99,4,55,77,21,20,97,74,97,90,0,52,14,7,90,13,27,cat_3,cat_0,cat_3,cat_0,cat_3,cat_2,cat_3,cat_2,cat_1,cat_3,cat_0,cat_0,cat_2,cat_3,cat_2,cat_0,cat_2,cat_1,cat_0,cat_0,true,true,false,false,true,true,true,true,true,false,3997997187,4866684192,2092268274,3468191325,4352393724,5537926656,5434929828,1749181851,2436407449,6512535176
64,48,13,37,43,16,49,43,27,12,13,12,98,59,17,64,37,35,56,13,cat_1,cat_1,cat_0,cat_1,cat_3,cat_0,cat_1,cat_1,cat_2,cat_3,cat_0,cat_1,cat_0,cat_0,cat_3,cat_3,cat_0,cat_3,cat_2,cat_3,false,false,false,false,false,false,true,false,true,false,1195444009,9825447549,6238491212,2576483060,7354650655,6640624385,8858120765,8952131000,1445709612,8929871014
34,62,59,7,66,89,14,96,68,68,40,2,86,17,10,3,78,9,95,45,cat_2,cat_3,cat_2,cat_1,cat_3,cat_0,cat_2,cat_2,cat_1,cat_0,cat_3,cat_2,cat_3,cat_1,cat_0,cat_3,cat_0,cat_0,cat_0,cat_3,true,true,false,false,false,true,false,false,false,false,6136227020,1395172810,6049401773,7305270966,6562594378,4267336399,6560947198,5336066138,5403314960,9059090838
55,9,51,30,92,44,30,11,77,38,92,76,0,5,34,59,68,32,39,15,cat_3,cat_2,cat_3,cat_1,cat_0,cat_3,cat_2,cat_3,cat_1,cat_3,cat_3,cat_2,cat_3,cat_2,cat_0,cat_3,cat_1,cat_1,cat_1,cat_1,false,true,false,false,false,true,false,false,true,false,4654378540,4103230284,2115670404,5436232216,9267679006,1722930893,2422198483,7497102959,1031154571,1105172972
81,26,28,48,41,56,69,44,67,55,0,65,41,44,65,82,26,47,84,15,cat_2,cat_2,cat_2,cat_0,cat_2,cat_2,cat_3,cat_3,cat_1,cat_1,cat_0,cat_3,cat_1,cat_0,cat_3,cat_0,cat_2,cat_0,cat_0,cat_0,false,true,false,true,true,false,true,true,true,false,7841767998,6920798371,1395629585,9085410363,4457984740,1820455819,4381273698,1579062085,2852114412,4194999345
92,82,87,49,46,66,53,3,50,5,41,33,72,80,64,54,38,44,27,20,cat_3,cat_2,cat_1,cat_1,cat_2,cat_0,cat_2,cat_2,cat_3,cat_1,cat_2,cat_3,cat_1,cat_3,cat_1,cat_1,cat_2,cat_2,cat_0,cat_2,true,true,true,false,true,false,false,true,true,true,8977304162,5635035979,4722595364,4784804537,9347190220,1075423096,1301712801,6242457751,5434586956,2796309543
91,74,78,27,13,66,95,32,9,3,86,27,16,86,44,65,29,21,64,80,cat_1,cat_2,cat_3,cat_3,cat_3,cat_0,cat_1,cat_2,cat_0,cat_3,cat_3,cat_0,cat_1,cat_0,cat_0,cat_2,cat_3,cat_0,cat_1,cat_1,false,true,false,false,true,false,false,false,false,false,4884912206,6917250261,4354602527,1963159030,3448816545,5321858874,2650236975,8937325995,7899620419,8603109167
30,95,13,9,5,52,21,55,81,72,80,10,91,13,22,51,43,92,52,97,cat_3,cat_2,cat_0,cat_2,cat_0,cat_1,cat_2,cat_0,cat_2,cat_3,cat_3,cat_3,cat_2,cat_2,cat_0,cat_2,cat_3,cat_1,cat_3,cat_1,false,true,false,false,false,true,true,false,true,false,2301318621,3927992030,2714171317,3030949479,6425922648,3245326163,4804778548,5685832443,4440266812,3848168470
38,62,82,46,27,85,11,68,82,3,14,93,51,5,66,28,82,35,40,31,cat_1,cat_3,cat_2,cat_2,cat_3,cat_1,cat_0,cat_3,cat_3,cat_2,cat_1,cat_1,cat_1,cat_0,cat_3,cat_1,cat_2,cat_1,cat_0,cat_2,true,false,false,false,true,false,false,false,false,true,2702502651,1771562348,1422156893,6992561188,6632545854,6956119929,2497992815,7652428334,2987227336,7828354546
55,50,62,65,49,60,9,56,13,5,88,58,20,66,35,77,83,80,40,77,cat_3,cat_2,cat_1,cat_3,cat_1,cat_0,cat_1,cat_1,cat_0,cat_2,cat_0,cat_0,cat_2,cat_0,cat_2,cat_1,cat_1,cat_3,cat_3,cat_1,true,true,true,true,false,true,false,true,false,false,7222704888,4963635092,8421285016,4933419755,2769363933,9241435191,6383797972,8393244152,3127245682,5282898345
33,16,97,27,1,17,60,40,3,85,44,4,1,25,61,85,72,55,69,42,cat_1,cat_3,cat_0,cat_2,cat_3,cat_1,cat_1,cat_2,cat_1,cat_2,cat_1,cat_3,cat_0,cat_0,cat_1,cat_0,cat_3,cat_2,cat_2,cat_2,false,true,false,true,false,true,false,true,false,false,8742740882,6389647484,7924836016,5302862497,6057546675,9906024241,5752676863,5260493950,4028056665,7672916920
66,69,85,7,68,79,3,47,49,88,16,1,58,18,94,100,6,63,35,97,cat_2,cat_0,cat_2,cat_1,cat_3,cat_3,cat_2,cat_1,cat_0,cat_1,cat_0,cat_3,cat_2,cat_1,cat_0,cat_3,cat_0,cat_2,cat_0,cat_2,true,false,false,true,false,false,false,false,true,false,4858066874,1957984367,3432330277,8606938537,1262568314,3964541671,6268642882,4252281411,6770604149,1469786605
38,40,89,70,56,93,22,76,56,31,26,16,54,98,88,24,25,60,98,85,cat_3,cat_0,cat_3,cat_0,cat_0,cat_2,cat_0,cat_3,cat_0,cat_0,cat_3,cat_0,cat_3,cat_0,cat_3,cat_0,cat_2,cat_0,cat_1,cat_3,true,true,false,false,false,false,false,true,true,false,6638544507,1303173404,7573650297,5568489137,7162832240,8138186162,1273279710,4534408925,4654674144,9439227887
70,15,44,63,85,38,30,12,3,47,37,75,7,23,8,68,87,48,16,33,cat_1,cat_3,cat_0,cat_0,cat_3,cat_1,cat_2,cat_1,cat_3,cat_2,cat_3,cat_3,cat_2,cat_0,cat_0,cat_3,cat_2,cat_2,cat_3,cat_3,false,true,false,false,false,false,false,false,false,false,5675248910,9427591103,5311994117,9783372198,4121178326,3661244780,9521008091,7757973151,6638456353,3066797874
43,35,51,15,92,80,41,3,35,3,38,99,99,47,33,92,98,88,63,80,cat_3,cat_2,cat_1,cat_0,cat_3,cat_0,cat_2,cat_3,cat_0,cat_3,cat_0,cat_3,cat_1,cat_0,cat_3,cat_2,cat_2,cat_1,cat_1,cat_3,false,false,true,false,false,true,false,false,false,true,4473877544,6050866928,1291106750,2686361674,3148152915,9049508007,5439967235,6534191704,9236108839,2284439683
1,9,77,55,41,36,77,73,60,86,26,33,28,69,72,69,70,53,5,29,cat_3,cat_2,cat_2,cat_2,cat_2,cat_0,cat_2,cat_0,cat_3,cat_0,cat_1,cat_3,cat_0,cat_2,cat_0,cat_1,cat_3,cat_3,cat_0,cat_3,false,true,false,true,false,false,true,false,false,true,8315614004,8918221459,4322922897,2500088217,5180172754,7916567180,2378282564,9220959587,2009843089,2983869396
100,85,84,93,80,9,42,70,28,33,88,39,66,53,20,17,22,85,75,56,cat_0,cat_2,cat_0,cat_2,cat_2,cat_3,cat_3,cat_0,cat_1,cat_2,cat_1,cat_3,cat_3,cat_1,cat_2,cat_1,cat_1,cat_3,cat_1,cat_0,false,false,true,true,false,false,true,true,false,false,6659340477,4489565406,7348949654,1141463866,3563163568,4228037153,4053593154,3924796576,4270399706,4892745716
53,55,57,49,28,29,60,32,18,0,53,96,53,16,8,19,29,18,75,45,cat_2,cat_0,cat_2,cat_3,cat_0,cat_2,cat_2,cat_0,cat_1,cat_2,cat_2,cat_3,cat_2,cat_1,cat_1,cat_2,cat_0,cat_3,cat_1,cat_1,true,true,false,true,false,false,true,false,false,true,5924459370,7814175074,4177219844,1881568580,7260159932,8360112360,5089406401,9938607891,3760674291,4236213866
74,14,99,91,56,97,89,18,81,78,42,20,12,67,66,100,92,7,10,68,cat_2,cat_0,cat_3,cat_1,cat_3,cat_3,cat_2,cat_0,cat_2,cat_1,cat_0,cat_0,cat_2,cat_2,cat_2,cat_1,cat_1,cat_0,cat_0,cat_0,true,true,true,false,true,true,true,false,false,true,2594605220,1555576987,3315602456,4584618969,4311744905,8988668397,2282390193,8896156507,6558553407,5258244261
40,56,14,71,57,21,58,97,46,95,100,48,91,49,100,87,2,48,1,70,cat_1,cat_3,cat_2,cat_3,cat_0,cat_3,cat_1,cat_2,cat_0,cat_0,cat_2,cat_2,cat_1,cat_1,cat_3,cat_1,cat_1,cat_3,cat_3,cat_0,true,false,false,false,true,true,true,true,true,true,6169159882,2060830928,1176444803,5835240228,9002525937,2406856979,4258540004,3399935671,6388523683,9257217686
2,67,37,46,30,69,37,67,85,15,43,99,66,46,11,57,42,0,28,15,cat_1,cat_0,cat_2,cat_2,cat_3,cat_0,cat_3,cat_0,cat_2,cat_1,cat_2,cat_3,cat_0,cat_2,cat_2,cat_2,cat_1,cat_0,cat_0,cat_1,true,true,false,false,true,false,true,true,false,false,9272942228,7155360102,7816175022,9678454166,6982182432,7418658452,1810535972,3121832171,4519259698,4130169076
48,32,76,1,0,42,9,12,56,63,41,45,12,62,31,93,54,88,1,21,cat_0,cat_0,cat_2,cat_2,cat_2,cat_1,cat_1,cat_0,cat_1,cat_2,cat_2,cat_1,cat_2,cat_0,cat_2,cat_0,cat_3,cat_2,cat_3,cat_0,false,false,true,false,false,false,true,true,true,false,8082392725,9706362597,5873311632,9152804392,6211327436,5699774909,1645386590,8176792897,1432389139,2061252858
78,12,56,38,44,56,13,37,86,99,64,11,68,77,59,80,52,96,70,36,cat_2,cat_2,cat_0,cat_2,cat_3,cat_3,cat_3,cat_0,cat_1,cat_0,cat_1,cat_3,cat_3,cat_2,cat_2,cat_3,cat_0,cat_2,cat_0,cat_2,true,true,false,true,false,false,true,true,false,false,2058058863,5135113090,6799131226,7421277543,3651920883,3140316483,3581503600,3040320828,6338716233,3955352394
75,67,48,47,27,49,45,56,41,56,60,40,69,4,73,38,87,2,47,3,cat_2,cat_3,cat_2,cat_2,cat_1,cat_1,cat_1,cat_1,cat_1,cat_3,cat_1,cat_0,cat_0,cat_1,cat_1,cat_2,cat_3,cat_2,cat_2,cat_3,true,true,true,true,true,false,true,true,false,true,7816822244,6274226343,6742789919,3623276577,8157015991,2636649741,5556358735,6002503596,6433461138,6618529658
80,89,26,64,29,30,75,37,58,77,77,84,65,96,37,19,97,86,61,70,cat_3,cat_0,cat_2,cat_3,cat_0,cat_0,cat_1,cat_0,cat_1,cat_3,cat_0,cat_1,cat_0,cat_2,cat_2,cat_0,cat_3,cat_0,cat_3,cat_3,true,true,true,true,true,false,true,true,false,true,4073462274,7500959125,9686399000,5380902039,8233380489,3576612707,9707018710,8889945012,5459634593,8624879190
17,47,14,47,20,66,73,57,93,76,88,93,42,13,44,84,39,8,36,10,cat_1,cat_1,cat_2,cat_0,cat_3,cat_3,cat_2,cat_0,cat_1,cat_0,cat_0,cat_1,cat_1,cat_1,cat_2,cat_2,cat_0,cat_0,cat_3,cat_3,true,false,true,true,true,true,true,true,true,true,8360195462,3491859852,7399292289,6630154069,4543350011,7511343412,1868909767,5287874561,1208193788,7752589876
7,86,69,51,53,89,7,62,35,14,31,71,33,95,87,67,87,2,64,69,cat_2,cat_2,cat_0,cat_0,cat_2,cat_1,cat_1,cat_3,cat_0,cat_0,cat_3,cat_3,cat_3,cat_0,cat_1,cat_3,cat_3,cat_1,cat_2,cat_2,false,false,true,false,false,false,false,false,false,false,3421147172,1154433997,3135198238,6582897289,2005644737,7854227116,8363386443,3272858816,8246827952,6220018598
81,98,0,56,50,68,2,10,65,31,15,95,85,14,59,26,98,100,16,75,cat_0,cat_1,cat_0,cat_2,cat_3,cat_3,cat_1,cat_0,cat_0,cat_0,cat_2,cat_3,cat_2,cat_0,cat_1,cat_1,cat_1,cat_3,cat_3,cat_1,false,true,true,true,false,true,true,true,false,true,5198459217,3590210043,7867606762,8451878916,1359966161,5921199257,5104839759,1461515946,6334158919,8842034948
80,47,59,47,12,40,45,65,81,84,19,38,14,58,68,49,52,57,41,8,cat_2,cat_0,cat_3,cat_1,cat_0,cat_2,cat_0,cat_2,cat_0,cat_0,cat_1,cat_1,cat_1,cat_3,cat_1,cat_2,cat_1,cat_2,cat_0,cat_3,true,true,true,false,false,false,true,true,false,true,3099825545,7754465219,4571596592,5861503289,5942343607,9807890621,6788663068,4332691750,7483735328,2112260837
42,96,38,83,50,37,40,35,47,87,52,26,51,93,22,13,4,99,50,87,cat_3,cat_1,cat_2,cat_1,cat_3,cat_3,cat_3,cat_3,cat_3,cat_3,cat_0,cat_2,cat_0,cat_3,cat_1,cat_3,cat_1,cat_0,cat_1,cat_2,false,true,true,false,false,false,false,false,true,true,6714584431,2394792358,6753006944,1067660080,8367052448,7190553678,7243360247,3887496022,6735717496,6992496255
59,57,93,87,40,43,4,37,52,51,89,25,99,16,58,23,64,37,14,68,cat_3,cat_0,cat_1,cat_3,cat_2,cat_3,cat_0,cat_0,cat_1,cat_2,cat_1,cat_1,cat_0,cat_3,cat_0,cat_1,cat_3,cat_1,cat_2,cat_3,true,true,false,false,false,false,true,false,false,true,5802769504,9324357404,6676844639,4815921717,6354758322,8114186940,5829318244,5653235507,7593349761,1226197325
45,37,82,13,73,44,8,6,90,85,91,24,91,60,28,42,99,61,49,23,cat_2,cat_3,cat_2,cat_0,cat_3,cat_0,cat_1,cat_1,cat_3,cat_2,cat_1,cat_2,cat_2,cat_0,cat_1,cat_1,cat_2,cat_3,cat_2,cat_3,true,true,false,false,false,false,true,false,true,true,5730234791,7033062893,6409038642,5893457196,4767207269,5346034572,5093997088,6262637176,7693145784,7311039630
86,84,9,74,14,98,22,45,50,6,10,60,29,17,74,9,8,68,37,43,cat_3,cat_0,cat_3,cat_0,cat_2,cat_3,cat_1,cat_1,cat_0,cat_1,cat_3,cat_3,cat_2,cat_1,cat_0,cat_0,cat_2,cat_2,cat_3,cat_0,false,false,true,true,false,false,false,false,false,false,1725575885,6116370032,6030965132,4003835692,3866934542,7426025840,5264534197,4830122577,6150111579,1092431425
45,86,43,63,69,96,33,54,6,100,86,70,19,92,70,70,33,40,92,13,cat_0,cat_3,cat_0,cat_0,cat_1,cat_3,cat_2,cat_0,cat_2,cat_0,cat_1,cat_0,cat_1,cat_2,cat_0,cat_3,cat_0,cat_2,cat_3,cat_0,true,true,false,true,true,true,false,false,false,true,9187746298,2233001193,9139872882,8143484365,1928936649,6195625519,4192333256,7841498363,5834879106,8324714899
77,85,44,18,85,99,15,35,51,22,27,54,40,68,5,71,64,33,87,44,cat_0,cat_0,cat_2,cat_0,cat_2,cat_2,cat_0,cat_3,cat_1,cat_2,cat_2,cat_2,cat_2,cat_2,cat_1,cat_0,cat_2,cat_0,cat_2,cat_3,false,false,false,false,true,false,false,true,true,false,9325576656,5835891015,9111564598,7352143274,7503221657,8100938025,9904364573,4383269001,6708944634,7042713803
90,83,24,41,76,21,3,28,58,88,47,52,72,67,55,49,10,97,19,98,cat_0,cat_1,cat_2,cat_2,cat_1,cat_1,cat_2,cat_3,cat_1,cat_2,cat_2,cat_1,cat_2,cat_3,cat_3,cat_2,cat_3,cat_2,cat_1,cat_2,false,true,false,false,false,false,true,true,true,true,6845515948,6563862103,8185400511,2967098255,1668767940,9009985069,7119180503,2381270291,8577493724,4099702996
35,33,62,28,31,37,36,83,72,51,84,92,7,22,7,44,87,77,47,59,cat_2,cat_3,cat_1,cat_0,cat_0,cat_1,cat_0,cat_3,cat_0,cat_2,cat_2,cat_1,cat_2,cat_2,cat_0,cat_3,cat_1,cat_3,cat_1,cat_3,true,false,false,false,false,false,false,true,true,false,4182276796,3327808602,5413912849,9745244153,7586306628,7387759904,2255312498,9091345837,6017476953,7929019589
94,13,96,0,37,47,87,43,12,82,82,51,47,18,79,32,34,5,42,58,cat_0,cat_2,cat_2,cat_1,cat_1,cat_3,cat_3,cat_1,cat_2,cat_3,cat_3,cat_1,cat_2,cat_3,cat_0,cat_2,cat_3,cat_0,cat_3,cat_0,true,false,true,false,false,true,false,false,false,false,2016954983,3473684568,7664232467,5751253674,4428108854,4294083692,5888952934,9558622201,1386420050,2122488736
62,96,9,47,12,9,90,19,71,11,4,29,45,52,60,14,78,55,57,47,cat_1,cat_3,cat_2,cat_1,cat_3,cat_1,cat_1,cat_1,cat_1,cat_1,cat_1,cat_3,cat_1,cat_0,cat_2,cat_3,cat_0,cat_3,cat_0,cat_1,false,true,false,false,false,false,true,true,true,true,1004680794,5022649450,1409587026,4464240463,5639289602,5657877841,8663415058,6148273421,1778710135,9007698549
2,43,70,8,3,23,79,30,47,60,90,8,72,40,34,23,72,14,67,1,cat_0,cat_2,cat_2,cat_0,cat_1,cat_0,cat_3,cat_3,cat_0,cat_1,cat_3,cat_2,cat_2,cat_0,cat_0,cat_3,cat_2,cat_3,cat_0,cat_1,false,true,false,false,false,false,false,true,false,true,7014230519,1909763812,6798374337,1890220153,6716876419,3448857253,6241578907,4156494801,1103163056,4290180799
75,86,87,78,51,49,60,60,16,64,99,18,81,48,53,89,59,49,100,51,cat_0,cat_3,cat_1,cat_2,cat_3,cat_0,cat_2,cat_2,cat_3,cat_3,cat_3,cat_2,cat_0,cat_2,cat_0,cat_0,cat_3,cat_0,cat_2,cat_2,false,false,false,true,true,true,false,true,false,true,3824398854,5334746186,7253265186,8481076758,3529525770,4088081006,1611445103,1550438530,5475207321,8905065251
7,72,94,0,3,93,80,26,2,6,23,88,14,81,6,61,98,89,76,28,cat_3,cat_0,cat_1,cat_2,cat_1,cat_2,cat_0,cat_2,cat_3,cat_3,cat_0,cat_0,cat_0,cat_0,cat_1,cat_0,cat_0,cat_2,cat_1,cat_3,false,false,false,false,true,false,true,true,false,true,6466914097,5341405389,2911850784,7874103555,5530205664,4754925709,7242505351,9355144333,3314717957,3438998669
86,68,46,17,75,38,0,71,34,23,26,88,42,71,28,35,33,17,24,58,cat_1,cat_3,cat_1,cat_1,cat_0,cat_0,cat_3,cat_2,cat_1,cat_2,cat_3,cat_1,cat_3,cat_3,cat_1,cat_0,cat_2,cat_1,cat_1,cat_0,false,false,false,false,false,true,false,false,true,false,2719301054,4307122621,3099304796,6831626250,1082025209,8327003234,5728241442,4899683607,6493685165,5519056360
2,67,54,10,43,76,53,47,96,94,5,56,31,20,73,9,55,2,78,43,cat_0,cat_0,cat_1,cat_0,cat_0,cat_3,cat_2,cat_3,cat_1,cat_3,cat_0,cat_2,cat_2,cat_1,cat_3,cat_1,cat_0,cat_3,cat_1,cat_1,false,true,true,false,true,true,false,false,true,true,9987262005,5028237354,6776846813,1055701902,7913673107,9589080097,9724559148,9282047994,3157395116,6702935561
47,14,100,26,28,58,91,8,25,32,30,3,98,48,50,94,59,79,77,66,cat_0,cat_2,cat_3,cat_2,cat_0,cat_0,cat_0,cat_1,cat_1,cat_0,cat_0,cat_1,cat_2,cat_2,cat_1,cat_2,cat_1,cat_0,cat_0,cat_0,false,true,true,true,true,false,false,false,false,false,3609090771,1777371933,2435400873,2622058202,5206209682,6640315656,7723380136,9778448635,9903697152,6349546027
32,85,82,41,25,51,49,81,23,34,90,50,2,75,73,91,29,76,88,94,cat_2,cat_0,cat_0,cat_2,cat_2,cat_2,cat_3,cat_1,cat_1,cat_3,cat_0,cat_2,cat_1,cat_0,cat_0,cat_3,cat_0,cat_1,cat_0,cat_2,true,false,true,false,true,true,false,true,false,true,4480031344,8023150481,8044535900,3197422995,6345165041,1669353477,1247200554,6058298825,1774693928,2109914599
80,63,8,55,58,65,6,1,11,30,98,19,55,7,32,63,74,73,71,37,cat_0,cat_2,cat_3,cat_1,cat_0,cat_2,cat_2,cat_2,cat_3,cat_0,cat_2,cat_2,cat_1,cat_2,cat_0,cat_0,cat_2,cat_0,cat_2,cat_1,false,true,true,false,true,false,true,true,false,false,3247958382,3735548054,2896485588,8852351825,2410795548,4134636473,1121103641,9821320348,1175542228,7265898351
58,65,77,36,72,55,32,2,33,86,34,61,88,41,98,54,70,38,38,57,cat_3,cat_1,cat_3,cat_2,cat_3,cat_3,cat_1,cat_1,cat_3,cat_2,cat_1,cat_2,cat_1,cat_3,cat_2,cat_3,cat_0,cat_2,cat_2,cat_2,false,false,false,true,false,false,false,true,false,false,2632920398,5679321229,7679697056,4256986119,3151775528,9222543726,8842357499,3513555357,3822662599,8974470275
38,45,66,25,65,27,43,71,88,36,89,45,30,72,40,92,61,28,82,36,cat_0,cat_1,cat_3,cat_2,cat_0,cat_1,cat_0,cat_1,cat_1,cat_2,cat_0,cat_0,cat_1,cat_3,cat_2,cat_3,cat_2,cat_2,cat_2,cat_3,false,false,false,true,true,true,true,false,false,true,3847573507,9109281757,4205351033,7567720811,8358438963,3875854575,8323584826,8660270965,9285399950,8944972279
75,7,27,3,33,12,19,62,17,60,94,17,80,77,3,33,97,59,65,80,cat_3,cat_2,cat_2,cat_3,cat_2,cat_2,cat_2,cat_3,cat_3,cat_3,cat_0,cat_0,cat_0,cat_2,cat_2,cat_1,cat_3,cat_1,cat_0,cat_2,false,false,false,false,true,false,false,false,false,false,9275687534,3180506778,8839661526,8250383423,3546936519,9783642897,9679672738,2021285765,7171049946,2303216727
76,91,31,3,81,80,70,76,88,47,15,12,24,93,87,87,74,86,72,77,cat_3,cat_2,cat_1,cat_1,cat_2,cat_3,cat_2,cat_3,cat_3,cat_2,cat_1,cat_0,cat_2,cat_1,cat_0,cat_2,cat_0,cat_0,cat_0,cat_1,false,false,true,true,true,false,true,true,true,true,6621911422,6640298474,1414253960,6468810240,6140477607,7249665466,9381694779,1767365248,6281356199,1268240379
40,37,44,68,97,44,45,54,61,75,74,28,32,25,96,0,50,100,93,50,cat_1,cat_3,cat_2,cat_3,cat_0,cat_3,cat_2,cat_0,cat_3,cat_1,cat_3,cat_1,cat_3,cat_1,cat_1,cat_1,cat_0,cat_1,cat_0,cat_2,false,false,false,false,true,true,false,true,false,false,1091933854,4588366464,4964290374,8145445746,2042081547,3174462963,3868945646,3109058299,6435207637,3986643138
22,86,7,93,76,0,26,36,31,40,16,79,77,18,13,88,9,39,37,15,cat_2,cat_3,cat_2,cat_3,cat_3,cat_2,cat_3,cat_3,cat_2,cat_0,cat_0,cat_3,cat_3,cat_1,cat_1,cat_2,cat_0,cat_3,cat_3,cat_0,false,false,false,true,false,false,true,false,true,false,4455226866,2228525620,9725288853,3999365865,2151176816,1006969940,8776053095,4106055278,3935511910,4801342662
46,93,42,40,48,76,83,84,66,87,80,52,24,13,83,15,44,59,56,23,cat_3,cat_0,cat_0,cat_2,cat_2,cat_2,cat_0,cat_1,cat_1,cat_3,cat_1,cat_1,cat_3,cat_1,cat_1,cat_3,cat_1,cat_2,cat_2,cat_3,false,true,true,true,false,true,true,true,false,false,9687511904,1946718840,5083665598,2700455335,8434728210,5996158654,6492510384,6854180700,9278734076,8254552135
23,72,30,68,84,93,94,74,75,87,22,15,7,84,31,19,50,3,3,75,cat_2,cat_1,cat_3,cat_0,cat_2,cat_1,cat_1,cat_1,cat_3,cat_1,cat_1,cat_1,cat_0,cat_1,cat_1,cat_1,cat_1,cat_3,cat_2,cat_1,true,false,false,false,true,true,true,false,false,false,1381657127,2761571118,9529302585,2831887115,8517134100,4135405347,6874282525,2506613824,8494771654,1045453414
40,95,55,56,94,46,8,92,80,57,45,24,91,90,25,60,5,70,68,61,cat_2,cat_1,cat_0,cat_2,cat_3,cat_1,cat_2,cat_1,cat_2,cat_2,cat_0,cat_2,cat_0,cat_2,cat_0,cat_2,cat_0,cat_1,cat_3,cat_2,false,true,true,true,true,false,true,false,false,true,9912490967,3984009551,8694975786,4039512192,9437775100,9064520819,9618668159,2885245139,3093976505,2241031162
97,23,56,94,26,56,41,50,78,72,53,40,24,41,27,35,98,19,75,91,cat_0,cat_1,cat_0,cat_3,cat_0,cat_0,cat_0,cat_3,cat_2,cat_2,cat_1,cat_3,cat_1,cat_2,cat_3,cat_2,cat_2,cat_1,cat_0,cat_1,false,true,true,false,true,true,false,false,false,false,2066880866,6064295495,8011578792,6754319014,5079807512,5743160351,5442963689,7711442117,9864670144,5817105772
47,82,10,46,66,7,100,89,34,96,85,5,5,52,36,50,25,97,10,16,cat_1,cat_0,cat_0,cat_2,cat_2,cat_0,cat_1,cat_0,cat_2,cat_3,cat_0,cat_2,cat_3,cat_0,cat_2,cat_0,cat_1,cat_2,cat_2,cat_3,true,false,true,true,true,false,true,false,false,false,8282817987,5075250892,8740896462,2822903752,1007653311,7667851381,7470103249,7490278710,6553313075,4955409661
76,82,32,92,75,83,74,77,15,89,15,88,18,12,60,98,84,41,96,53,cat_3,cat_1,cat_2,cat_1,cat_0,cat_0,cat_0,cat_0,cat_1,cat_1,cat_1,cat_0,cat_2,cat_2,cat_1,cat_2,cat_3,cat_0,cat_2,cat_2,true,true,true,true,false,false,true,true,true,false,9359578809,8830001039,3906319848,5596039274,5117232022,6608926335,9223567668,3298252165,6054456612,5761509309
33,93,27,27,54,82,38,48,68,69,48,78,67,17,14,73,72,30,81,45,cat_0,cat_0,cat_2,cat_3,cat_2,cat_0,cat_1,cat_0,cat_3,cat_1,cat_0,cat_3,cat_1,cat_1,cat_0,cat_0,cat_0,cat_2,cat_0,cat_1,false,false,true,false,true,true,true,true,false,true,4174418343,4858548608,1477155614,6146379470,2763839264,8551358509,2798749454,7581671855,5703632288,7927129186
38,80,41,56,81,58,69,34,83,3,57,80,39,16,12,20,78,17,76,23,cat_2,cat_2,cat_2,cat_2,cat_1,cat_0,cat_2,cat_3,cat_1,cat_0,cat_1,cat_3,cat_1,cat_3,cat_2,cat_1,cat_1,cat_3,cat_0,cat_3,false,true,false,true,true,false,false,true,false,false,9389041097,5706978377,8552641394,7809850193,1733807146,6652763164,4692776898,7734464905,3618356701,2831105007
100,19,21,43,39,67,95,47,80,54,49,42,18,65,85,1,2,21,74,21,cat_1,cat_2,cat_2,cat_1,cat_0,cat_3,cat_2,cat_1,cat_3,cat_2,cat_2,cat_2,cat_3,cat_1,cat_2,cat_0,cat_2,cat_2,cat_3,cat_0,true,true,true,true,true,true,false,true,false,true,4996732783,8573631812,8912119557,6483960591,2172283478,5044813446,3601739027,2782792196,3937043467,6240641056
48,22,95,87,8,84,80,58,21,60,41,88,13,85,2,80,74,73,91,53,cat_3,cat_3,cat_3,cat_2,cat_1,cat_3,cat_3,cat_1,cat_2,cat_3,cat_0,cat_1,cat_3,cat_2,cat_0,cat_1,cat_2,cat_0,cat_2,cat_1,true,false,true,false,false,true,true,false,true,true,1365569707,1208197747,9921737888,4404644779,3144423954,5858545532,6048725599,3826601913,5474404047,8344096556
13,47,26,74,22,77,48,90,36,50,83,86,89,67,55,90,22,94,72,13,cat_0,cat_1,cat_3,cat_2,cat_2,cat_2,cat_0,cat_1,cat_1,cat_2,cat_1,cat_3,cat_0,cat_0,cat_3,cat_1,cat_2,cat_3,cat_2,cat_2,false,false,true,false,false,false,true,true,true,false,7092284294,8828110852,7903859559,8784914921,2595007672,2258106237,3008651881,7299256329,3886857184,2840612358
98,83,92,15,57,32,19,81,78,75,94,20,72,3,19,70,44,55,8,0,cat_2,cat_1,cat_1,cat_2,cat_2,cat_2,cat_0,cat_1,cat_3,cat_2,cat_1,cat_0,cat_0,cat_0,cat_2,cat_0,cat_0,cat_2,cat_0,cat_1,false,true,false,false,false,false,true,false,true,false,8128180335,5091832354,6814773611,3372612559,9228173955,2400239211,3382767239,2535265892,5538434211,4548788005
3,58,27,65,64,79,49,75,22,57,37,29,46,34,73,34,96,2,45,59,cat_3,cat_0,cat_1,cat_1,cat_2,cat_1,cat_3,cat_0,cat_1,cat_3,cat_2,cat_1,cat_3,cat_0,cat_1,cat_2,cat_2,cat_3,cat_2,cat_0,true,true,false,true,false,false,true,false,false,false,8040850886,2414832496,7531590277,6096670897,9055644105,9663479098,9397863191,6527891529,3761568676,1070616111
72,15,94,48,67,63,32,6,64,64,9,1,39,36,70,91,41,6,30,96,cat_2,cat_0,cat_2,cat_0,cat_0,cat_1,cat_2,cat_3,cat_3,cat_2,cat_0,cat_1,cat_2,cat_1,cat_3,cat_2,cat_2,cat_0,cat_1,cat_0,false,true,false,false,true,true,false,true,false,false,3731131227,9059770110,5343484184,6973787614,7186639927,4883011060,6065524216,3805789753,2720917193,2843004574
87,13,78,28,12,68,10,65,2,79,59,93,90,85,44,79,23,84,48,30,cat_3,cat_3,cat_0,cat_1,cat_2,cat_1,cat_1,cat_2,cat_2,cat_2,cat_2,cat_2,cat_0,cat_2,cat_2,cat_2,cat_3,cat_2,cat_2,cat_3,false,true,true,true,true,false,true,false,false,true,5028733776,4965848364,9077033863,3570145012,3830246554,5729350806,6776222913,3622819712,1240075910,3789975773
94,71,59,60,36,66,88,54,76,72,32,10,71,40,63,50,84,5,97,43,cat_3,cat_3,cat_2,cat_1,cat_0,cat_0,cat_3,cat_0,cat_3,cat_3,cat_1,cat_0,cat_1,cat_3,cat_1,cat_3,cat_2,cat_0,cat_3,cat_2,true,false,false,false,false,false,false,false,true,true,2441132404,2383719170,3722187603,4164704695,5114990262,3585431019,4582012137,9345923387,3292901122,9464301011
16,18,91,17,74,95,74,64,37,63,96,33,33,32,50,44,63,0,93,62,cat_3,cat_2,cat_2,cat_0,cat_1,cat_0,cat_2,cat_0,cat_0,cat_2,cat_1,cat_0,cat_2,cat_2,cat_3,cat_0,cat_2,cat_1,cat_3,cat_0,true,false,false,true,false,true,false,true,true,true,3158164138,7038981715,1219200598,8298771339,3318947890,3815903488,6962488573,8584244779,2378361080,8603597046
39,42,68,39,79,62,27,12,62,38,84,73,69,42,29,75,68,64,100,62,cat_1,cat_1,cat_1,cat_0,cat_1,cat_1,cat_2,cat_0,cat_2,cat_1,cat_0,cat_0,cat_3,cat_2,cat_1,cat_1,cat_0,cat_1,cat_2,cat_0,false,true,true,true,true,true,true,false,true,true,4540048182,1688573070,9883621938,9239772000,1803112327,4478530701,7348058791,4824992925,9421427179,3966688575
64,82,53,36,18,99,62,23,69,9,45,62,21,76,23,86,80,95,100,95,cat_0,cat_1,cat_2,cat_0,cat_1,cat_0,cat_2,cat_1,cat_2,cat_1,cat_0,cat_0,cat_3,cat_0,cat_0,cat_0,cat_1,cat_0,cat_1,cat_2,false,false,true,true,true,true,false,false,true,true,8677058561,2265344376,3886434857,4160278460,9693882007,4532761047,7890567497,2929719942,2713885480,1916466657
28,92,47,70,56,94,85,74,25,86,1,41,55,3,30,64,67,45,86,15,cat_1,cat_2,cat_0,cat_0,cat_2,cat_2,cat_3,cat_1,cat_1,cat_3,cat_3,cat_3,cat_0,cat_1,cat_3,cat_0,cat_2,cat_1,cat_2,cat_3,false,false,false,false,false,false,false,false,false,true,7956911078,7778919076,6107896789,9754075991,5691315579,9155317941,5973375317,5384173142,7121503663,6624766911
83,83,24,24,66,24,65,31,50,47,97,49,45,25,89,59,64,54,30,59,cat_2,cat_1,cat_2,cat_0,cat_2,cat_1,cat_2,cat_3,cat_2,cat_3,cat_2,cat_3,cat_2,cat_2,cat_1,cat_3,cat_0,cat_2,cat_2,cat_1,true,true,false,true,true,true,true,true,false,false,4645212941,4331459599,3716461060,5181065780,9849085793,1745829470,8630886025,9908324621,1704284229,4362100194
34,76,79,15,16,100,11,19,65,78,19,78,7,29,91,58,88,72,28,63,cat_2,cat_3,cat_2,cat_1,cat_3,cat_3,cat_1,cat_1,cat_3,cat_1,cat_0,cat_2,cat_3,cat_1,cat_3,cat_3,cat_2,cat_0,cat_1,cat_0,false,true,false,false,true,true,false,true,false,false,1977454313,5138429546,6250095912,2713295697,3586243730,7977879943,9601181636,1662391255,9883194071,2710292838
30,53,52,22,39,38,49,40,2,16,55,83,48,6,3,59,72,45,3,6,cat_3,cat_0,cat_0,cat_1,cat_0,cat_1,cat_1,cat_1,cat_0,cat_3,cat_3,cat_0,cat_1,cat_2,cat_0,cat_2,cat_0,cat_0,cat_1,cat_1,false,true,true,true,true,true,false,false,true,false,5798426904,1074184076,3800875390,9879842234,3261291065,1131289658,1560082506,2832654589,6879092966,4659468496
41,71,61,76,66,11,39,44,60,52,100,59,53,48,87,90,8,85,71,16,cat_0,cat_2,cat_1,cat_2,cat_2,cat_1,cat_3,cat_2,cat_0,cat_3,cat_2,cat_3,cat_2,cat_2,cat_2,cat_3,cat_3,cat_2,cat_1,cat_1,false,true,true,true,true,true,true,false,true,true,1705695498,1461421494,3670749008,8411759799,3107165290,5789274430,2534619678,5002834284,1021135589,4979709843
23,38,99,10,21,88,9,8,95,24,8,65,65,93,67,5,37,2,15,39,cat_2,cat_0,cat_3,cat_0,cat_3,cat_3,cat_2,cat_3,cat_2,cat_0,cat_3,cat_2,cat_0,cat_1,cat_3,cat_0,cat_1,cat_0,cat_0,cat_3,false,false,true,true,true,false,true,true,false,false,5742816874,1137223462,5780812836,8145106621,5863772252,9600164320,6380853798,8703840216,2875332004,1904803036
86,82,52,55,28,9,78,24,25,21,95,54,72,70,16,8,67,72,94,58,cat_0,cat_3,cat_3,cat_3,cat_3,cat_3,cat_2,cat_0,cat_0,cat_2,cat_0,cat_0,cat_0,cat_2,cat_2,cat_2,cat_2,cat_1,cat_2,cat_3,false,true,false,true,false,true,true,true,false,false,2687098777,7918616190,9764749364,1687048033,1514480990,5366795141,8360330031,4473587915,3664756071,9790919865
55,23,60,3,46,62,93,36,33,60,79,61,45,72,11,8,28,84,33,20,cat_3,cat_1,cat_3,cat_0,cat_1,cat_2,cat_3,cat_0,cat_2,cat_3,cat_0,cat_2,cat_3,cat_0,cat_0,cat_3,cat_2,cat_2,cat_3,cat_1,true,true,false,true,false,false,true,true,false,false,3815178400,1508640558,9326483639,8319909127,9191809956,6410809822,9782525198,1533997268,2880926670,2758354940
83,58,75,44,67,100,67,64,58,90,64,38,1,69,18,24,67,48,84,23,cat_2,cat_2,cat_2,cat_1,cat_2,cat_1,cat_1,cat_0,cat_2,cat_1,cat_3,cat_2,cat_1,cat_0,cat_1,cat_3,cat_1,cat_3,cat_2,cat_0,false,true,false,false,false,true,false,true,false,false,8286106457,3657109827,2903991332,8559528891,6402196201,2746365523,3292923787,6805099393,2585318644,8346233295
89,61,4,48,37,56,70,66,9,99,13,45,20,98,96,88,46,57,46,70,cat_3,cat_0,cat_2,cat_2,cat_1,cat_3,cat_3,cat_0,cat_0,cat_0,cat_2,cat_1,cat_2,cat_3,cat_0,cat_2,cat_2,cat_0,cat_2,cat_1,true,true,true,false,false,false,true,false,false,true,5592735625,5177606148,8959398514,8571955513,8127107600,3979197856,1339204505,7689028995,8612315444,2787412560
12,39,37,0,15,50,96,97,57,34,86,30,4,66,97,27,61,57,65,16,cat_2,cat_0,cat_0,cat_3,cat_1,cat_3,cat_1,cat_2,cat_3,cat_2,cat_0,cat_0,cat_2,cat_1,cat_0,cat_2,cat_0,cat_1,cat_2,cat_2,true,true,false,false,true,false,true,true,false,false,6297454482,2859547287,9455730203,5248291346,6359150526,7242837336,5322445638,5883484198,9494404653,8135863796
13,100,2,62,9,91,40,51,48,72,86,24,58,35,20,11,28,10,83,27,cat_1,cat_3,cat_1,cat_0,cat_0,cat_0,cat_0,cat_2,cat_1,cat_0,cat_2,cat_3,cat_0,cat_0,cat_0,cat_2,cat_2,cat_3,cat_2,cat_3,false,true,false,true,false,true,false,false,false,true,8948169466,1268860160,9430793253,2476671612,9451434140,5211415496,8703701488,1538689908,4877570083,7643799990
76,22,23,23,63,21,87,33,37,33,15,12,16,92,17,62,61,90,84,86,cat_2,cat_3,cat_0,cat_1,cat_3,cat_0,cat_0,cat_3,cat_0,cat_2,cat_2,cat_3,cat_1,cat_0,cat_2,cat_0,cat_2,cat_2,cat_0,cat_3,true,false,true,true,true,true,true,true,false,false,9666113620,6508064350,7566734459,6980404454,7032099578,8395769547,9749412130,7687570110,5000052338,8660207274
41,90,12,60,8,25,31,44,98,56,32,55,50,11,65,97,8,23,61,96,cat_0,cat_0,cat_0,cat_2,cat_0,cat_2,cat_2,cat_2,cat_3,cat_2,cat_0,cat_0,cat_1,cat_1,cat_3,cat_3,cat_3,cat_0,cat_2,cat_0,false,true,false,false,false,true,true,true,false,false,6102015418,7258743549,7879885374,4825191639,2647066552,1343481305,9922584241,8279583174,2012716769,6096955233
42,8,3,35,61,33,24,41,43,65,49,72,56,13,95,35,48,14,15,64,cat_3,cat_2,cat_2,cat_3,cat_2,cat_0,cat_3,cat_2,cat_3,cat_0,cat_0,cat_2,cat_2,cat_2,cat_1,cat_1,cat_0,cat_1,cat_1,cat_1,false,false,false,false,true,false,false,true,false,true,4826417719,1132793619,5612325050,3535650711,8669702630,8664709589,9591215887,7471265706,6852074665,3582589963
86,13,92,17,31,91,28,90,62,46,42,17,26,58,3,63,78,41,74,17,cat_2,cat_1,cat_3,cat_2,cat_1,cat_3,cat_3,cat_1,cat_2,cat_2,cat_2,cat_3,cat_3,cat_3,cat_2,cat_0,cat_2,cat_2,cat_3,cat_0,true,true,false,false,false,true,true,false,true,true,2328226681,8854084908,2646719484,6018695484,9130944246,9196884715,5548923884,6270728986,8618734754,5192370779
28,91,19,49,94,17,66,27,67,63,63,81,71,68,90,32,16,22,96,21,cat_1,cat_3,cat_2,cat_0,cat_2,cat_3,cat_1,cat_0,cat_0,cat_3,cat_3,cat_1,cat_1,cat_1,cat_2,cat_3,cat_0,cat_2,cat_3,cat_2,false,true,true,true,false,false,false,true,false,false,3704637810,5410204011,2460288346,6815394476,5566868181,9742699566,4879997575,4360970111,8259027580,2300963161
56,23,37,26,98,71,92,0,27,54,83,59,33,4,20,44,44,54,37,9,cat_0,cat_1,cat_0,cat_0,cat_1,cat_3,cat_1,cat_1,cat_3,cat_0,cat_1,cat_2,cat_0,cat_2,cat_0,cat_1,cat_1,cat_2,cat_3,cat_2,true,true,false,true,true,false,false,false,true,true,5239335083,7645807818,5220971839,3419416547,2763832093,1589630796,7101719418,3541859943,6330111705,4723049592
21,96,64,65,53,73,74,64,93,0,27,59,96,13,68,52,90,26,28,24,cat_2,cat_3,cat_1,cat_3,cat_0,cat_3,cat_0,cat_3,cat_0,cat_0,cat_1,cat_0,cat_3,cat_3,cat_1,cat_3,cat_3,cat_0,cat_2,cat_0,false,false,true,false,true,false,false,false,false,false,3615805729,3175173781,2309485756,1529936787,2965793863,9237611061,9293931246,1007236859,4995651953,1787808660
10,70,66,81,2,33,50,2,47,3,80,34,69,90,59,54,20,23,78,45,cat_1,cat_3,cat_3,cat_2,cat_1,cat_3,cat_1,cat_1,cat_1,cat_1,cat_0,cat_1,cat_0,cat_2,cat_1,cat_2,cat_2,cat_1,cat_2,cat_0,true,true,true,false,false,true,false,false,true,true,6751368191,5945121978,6036874321,1609444966,5964869469,3118424791,1242171391,4697762075,3335484210,4881586731
43,69,7,55,1,0,59,76,14,8,9,95,10,48,77,69,32,65,75,11,cat_0,cat_2,cat_0,cat_0,cat_1,cat_2,cat_3,cat_2,cat_2,cat_0,cat_3,cat_3,cat_2,cat_0,cat_2,cat_3,cat_3,cat_1,cat_3,cat_2,true,true,false,false,false,true,false,true,true,false,9723523035,6105516565,9236831899,7784865705,8630664184,5767251304,8969621683,9135227604,3963868800,8016728404
94,73,81,75,2,22,84,57,29,24,6,53,64,85,21,66,33,39,82,27,cat_0,cat_3,cat_1,cat_0,cat_2,cat_0,cat_1,cat_3,cat_0,cat_3,cat_3,cat_0,cat_1,cat_2,cat_1,cat_2,cat_0,cat_3,cat_2,cat_1,false,true,true,true,false,false,false,true,true,false,9900115774,1686479623,9690306435,9864531436,8882203796,8987590270,6962369807,5193090238,2550962555,1032987782
83,94,60,80,60,25,81,11,10,47,2,94,80,59,1,53,92,65,10,53,cat_2,cat_2,cat_3,cat_0,cat_2,cat_0,cat_2,cat_3,cat_0,cat_1,cat_0,cat_1,cat_0,cat_0,cat_2,cat_2,cat_3,cat_2,cat_2,cat_2,true,true,true,true,false,true,false,true,false,false,8547530848,6557106799,6840421193,1082748299,6182309651,2920965813,8966739282,8981730517,5698233328,4627970604
27,50,5,84,79,80,37,40,93,70,22,10,13,84,99,95,59,1,95,78,cat_3,cat_3,cat_3,cat_3,cat_3,cat_0,cat_0,cat_0,cat_3,cat_2,cat_0,cat_2,cat_2,cat_1,cat_1,cat_1,cat_1,cat_2,cat_2,cat_2,false,false,true,true,true,false,false,true,false,true,1125376024,6439238088,2617445575,8678547950,2401411702,3403275240,6098888808,5370659381,6923088760,7810859312
72,45,24,38,0,30,88,75,11,90,3,38,0,99,12,60,76,0,85,45,cat_3,cat_1,cat_0,cat_3,cat_2,cat_2,cat_0,cat_1,cat_2,cat_3,cat_2,cat_3,cat_2,cat_3,cat_3,cat_2,cat_0,cat_2,cat_3,cat_1,true,true,true,true,true,true,false,false,false,false,5521856364,2296904341,4570768522,8966929280,9677614270,6686238378,4921296170,3991083561,6121877520,7169106914
57,12,95,55,7,58,18,83,65,77,72,95,67,13,0,74,66,10,13,56,cat_0,cat_1,cat_2,cat_2,cat_2,cat_3,cat_3,cat_0,cat_3,cat_0,cat_2,cat_3,cat_2,cat_0,cat_0,cat_0,cat_3,cat_0,cat_1,cat_1,true,true,true,true,false,false,false,false,true,false,3454744490,6268535117,2869149580,4969433280,8698370476,6117072142,9279492542,5455250104,9173780846,4759413129
34,34,26,36,90,86,19,39,8,48,85,34,69,77,95,53,16,81,17,37,cat_1,cat_1,cat_0,cat_3,cat_0,cat_3,cat_0,cat_0,cat_1,cat_2,cat_3,cat_0,cat_2,cat_0,cat_3,cat_0,cat_3,cat_0,cat_3,cat_2,true,true,false,false,true,false,true,false,true,true,1677266260,8026418095,5071251321,1702300048,7364809079,4314288543,8795230205,2258744072,5767821495,9470809030
28,34,35,12,65,72,90,55,26,19,37,13,36,56,34,58,36,51,33,59,cat_1,cat_0,cat_0,cat_0,cat_1,cat_0,cat_2,cat_1,cat_3,cat_1,cat_3,cat_2,cat_0,cat_2,cat_0,cat_1,cat_0,cat_1,cat_1,cat_2,false,false,true,true,false,true,true,false,true,true,7364578799,6116122142,6636999938,9016189718,1885322857,4542122880,1892725101,5700998736,4378368163,7008456904
100,49,62,81,61,15,87,13,64,2,19,24,70,49,47,6,55,19,54,5,cat_0,cat_0,cat_2,cat_0,cat_3,cat_3,cat_1,cat_3,cat_3,cat_0,cat_3,cat_1,cat_0,cat_1,cat_2,cat_1,cat_1,cat_0,cat_0,cat_1,true,false,true,false,false,false,false,true,true,false,9003989971,3274297289,8793212731,5382041729,5784353679,4974631031,5292608717,5355661610,9445818401,3417795789
15,6,55,95,1,37,80,16,77,68,10,34,61,9,57,90,99,45,30,9,cat_3,cat_0,cat_3,cat_0,cat_0,cat_3,cat_2,cat_0,cat_2,cat_0,cat_0,cat_0,cat_3,cat_3,cat_0,cat_0,cat_1,cat_0,cat_0,cat_2,true,true,false,false,false,true,false,false,true,false,5828583826,4922667407,8409899979,7769694846,1859821872,8170794420,9379095714,3971616588,9317443327,7297177193
4,17,4,88,6,47,84,74,55,31,54,21,51,90,53,82,35,29,60,90,cat_3,cat_2,cat_3,cat_3,cat_3,cat_3,cat_0,cat_3,cat_1,cat_2,cat_3,cat_2,cat_3,cat_3,cat_0,cat_3,cat_1,cat_3,cat_2,cat_3,true,false,true,false,true,true,true,false,false,false,1384348311,1084556963,7243716778,3315360469,4489787558,2900675810,2104642909,3362241196,5039834133,7642925489
67,5,44,10,44,84,72,89,12,20,74,61,47,79,32,52,44,43,70,94,cat_3,cat_0,cat_0,cat_0,cat_2,cat_0,cat_1,cat_0,cat_2,cat_0,cat_2,cat_2,cat_2,cat_0,cat_0,cat_0,cat_1,cat_3,cat_3,cat_1,true,true,false,true,true,false,true,false,false,false,1733957475,9936118384,2551881466,2181483477,1169453625,8693911725,1594881796,6341679039,2021244869,2526123703
24,61,59,8,86,24,0,15,27,24,8,43,70,27,40,1,67,34,13,52,cat_1,cat_3,cat_3,cat_2,cat_0,cat_3,cat_3,cat_3,cat_1,cat_0,cat_1,cat_2,cat_2,cat_1,cat_1,cat_2,cat_3,cat_2,cat_3,cat_0,true,false,true,true,true,false,false,true,true,true,1446958945,8613143179,2433970277,9697111733,4460079113,7565786682,1634769397,8403436475,8387663208,2262956614
40,64,94,56,37,66,30,44,30,81,39,40,29,24,36,36,94,13,68,65,cat_2,cat_3,cat_3,cat_2,cat_0,cat_3,cat_3,cat_3,cat_3,cat_1,cat_0,cat_3,cat_3,cat_1,cat_3,cat_3,cat_0,cat_2,cat_2,cat_3,false,true,false,false,false,false,true,false,false,false,4094675883,8399312932,8224011710,9278876227,6933481091,8712059332,5044812173,7267617365,1193759529,7784991215
73,34,25,96,39,85,22,14,79,97,65,0,88,58,27,6,46,0,31,67,cat_0,cat_0,cat_2,cat_0,cat_0,cat_1,cat_0,cat_0,cat_3,cat_0,cat_0,cat_0,cat_2,cat_1,cat_0,cat_1,cat_1,cat_2,cat_0,cat_0,false,false,true,true,true,false,true,false,false,false,3228326700,6613460042,6984581050,7705323818,3211361063,6326836625,8089995629,7071683299,1072498211,7784856343
23,31,95,95,60,12,64,22,88,15,90,69,86,31,47,15,6,33,47,44,cat_1,cat_3,cat_0,cat_1,cat_3,cat_1,cat_0,cat_2,cat_2,cat_0,cat_0,cat_0,cat_1,cat_0,cat_0,cat_0,cat_1,cat_0,cat_2,cat_1,false,true,false,true,false,false,false,true,false,false,3673185948,8100532744,3602463033,3641739317,2739720171,9983192453,6673550374,3879311125,9407575275,4674132960
35,89,100,41,62,0,58,16,22,29,52,28,21,44,29,99,34,1,100,24,cat_1,cat_1,cat_2,cat_3,cat_3,cat_2,cat_3,cat_3,cat_1,cat_3,cat_1,cat_2,cat_0,cat_0,cat_3,cat_3,cat_2,cat_1,cat_1,cat_0,true,true,true,false,true,true,true,true,true,false,7927124102,9570464592,7674789940,2490791746,4403944401,6533722710,6179133560,2837319441,6415232215,5145892733
43,98,36,8,38,41,47,78,72,36,72,86,69,95,69,58,33,49,63,41,cat_1,cat_0,cat_1,cat_2,cat_0,cat_1,cat_2,cat_1,cat_0,cat_2,cat_1,cat_3,cat_2,cat_1,cat_0,cat_0,cat_3,cat_3,cat_1,cat_1,false,true,false,true,true,true,true,true,false,false,1285475900,3128371979,3661872630,4885461449,7140141662,6023769239,2930832538,4443719864,6893394287,5260215070
82,65,18,1,99,56,94,100,21,75,56,83,39,43,31,23,92,4,100,66,cat_1,cat_3,cat_0,cat_2,cat_1,cat_1,cat_3,cat_1,cat_0,cat_0,cat_2,cat_2,cat_1,cat_1,cat_2,cat_1,cat_2,cat_3,cat_3,cat_0,true,true,true,true,false,false,true,true,false,true,3103387591,9263334486,3895323522,1986488396,3729608991,9073690298,3051672576,7872632014,9887902939,6990827400
10,45,13,41,39,38,90,93,39,23,63,19,71,62,32,18,1,8,91,99,cat_2,cat_1,cat_3,cat_3,cat_3,cat_1,cat_2,cat_2,cat_3,cat_2,cat_1,cat_1,cat_1,cat_1,cat_0,cat_2,cat_1,cat_0,cat_3,cat_0,true,false,true,false,true,true,true,false,true,false,3046807473,7845730816,6097562420,6241013903,2718735457,6041486461,9364559987,5608239886,3706803605,7842145824
79,42,56,61,16,62,53,81,9,2,69,11,88,47,84,25,65,22,62,58,cat_0,cat_3,cat_3,cat_2,cat_0,cat_1,cat_0,cat_1,cat_0,cat_1,cat_1,cat_2,cat_3,cat_0,cat_3,cat_2,cat_0,cat_1,cat_1,cat_1,true,true,false,true,false,false,true,true,false,false,8824810728,6632786059,9940744129,9775323573,4283366364,7105762510,2466509429,1091250570,1011121391,2797277177
44,51,38,54,39,76,75,74,22,62,40,49,38,20,8,22,26,78,96,31,cat_1,cat_3,cat_2,cat_1,cat_2,cat_1,cat_2,cat_1,cat_0,cat_0,cat_0,cat_1,cat_2,cat_3,cat_0,cat_2,cat_1,cat_0,cat_0,cat_2,false,false,false,true,false,true,false,false,true,false,7887454015,3871449355,6672971952,7195010572,2766905929,5575279447,9957993926,1161207651,5736132213,6661667949
75,57,52,80,80,5,50,24,36,86,69,14,62,40,38,51,72,15,44,97,cat_1,cat_1,cat_1,cat_0,cat_1,cat_2,cat_2,cat_3,cat_2,cat_0,cat_2,cat_0,cat_1,cat_0,cat_2,cat_0,cat_2,cat_1,cat_0,cat_3,true,true,false,true,true,true,true,true,false,true,4093927353,4305151802,2563620625,2338592994,3340179535,2676332237,6956381902,9475751138,1329086552,7005663499
16,69,56,12,72,81,95,71,38,66,5,19,19,81,74,45,52,70,40,46,cat_0,cat_3,cat_3,cat_0,cat_1,cat_0,cat_1,cat_3,cat_3,cat_2,cat_3,cat_2,cat_3,cat_3,cat_0,cat_3,cat_3,cat_2,cat_0,cat_3,true,true,true,true,true,false,true,true,true,true,5143601015,7922903571,6811845999,1282541215,2587031485,1845024291,7000724669,6026278275,3890254623,4137769053
53,98,9,84,11,40,56,24,19,99,99,7,0,26,46,61,80,19,49,29,cat_3,cat_3,cat_1,cat_2,cat_1,cat_1,cat_2,cat_2,cat_2,cat_0,cat_0,cat_3,cat_0,cat_3,cat_3,cat_1,cat_1,cat_3,cat_3,cat_1,true,true,false,true,true,true,true,true,false,false,7661714036,8666733056,8059283039,9128619336,7555987682,5483697423,1701809599,6274953412,5984877913,7253026157
37,8,26,42,51,100,65,86,57,31,57,47,16,15,1,15,88,39,41,15,cat_0,cat_1,cat_1,cat_1,cat_2,cat_1,cat_3,cat_2,cat_1,cat_1,cat_0,cat_2,cat_3,cat_0,cat_3,cat_2,cat_0,cat_3,cat_2,cat_1,true,false,false,true,false,false,false,false,true,true,1747594598,2028419178,7161887654,1439684923,4476977476,9343882156,3204492170,1896948608,9296952843,7356505604
66,45,19,82,83,37,71,58,47,85,75,1,86,77,37,65,53,37,12,14,cat_1,cat_3,cat_3,cat_1,cat_2,cat_3,cat_2,cat_3,cat_0,cat_1,cat_2,cat_0,cat_0,cat_1,cat_2,cat_3,cat_1,cat_1,cat_2,cat_2,true,false,false,false,true,true,false,true,true,true,5059856803,4445036690,3609306918,7806627642,8174574501,1690645715,6941453636,3527419573,5013435308,1081894157
34,63,62,53,5,22,38,83,6,14,38,32,58,3,90,61,12,42,99,66,cat_3,cat_3,cat_2,cat_2,cat_2,cat_1,cat_1,cat_2,cat_3,cat_0,cat_0,cat_2,cat_3,cat_1,cat_3,cat_2,cat_2,cat_1,cat_2,cat_3,false,false,false,false,false,true,true,false,false,false,4981162709,4400375121,3638004917,6124524953,3542460948,5547153615,3013726408,1169423090,8222672640,4688874429
59,14,97,74,14,80,51,62,5,69,21,65,82,49,20,35,64,65,70,17,cat_3,cat_1,cat_2,cat_0,cat_3,cat_0,cat_3,cat_1,cat_2,cat_3,cat_2,cat_3,cat_2,cat_2,cat_0,cat_0,cat_2,cat_3,cat_0,cat_0,true,false,false,true,true,false,true,true,false,true,9867033531,9653170727,8595117808,9701124157,1655309996,8573253468,3019881954,9902646129,6698782429,1978129613
44,19,89,28,87,58,68,38,24,6,3,84,4,5,71,34,21,35,48,30,cat_3,cat_3,cat_2,cat_1,cat_3,cat_1,cat_3,cat_1,cat_0,cat_1,cat_1,cat_2,cat_2,cat_0,cat_2,cat_3,cat_1,cat_2,cat_3,cat_2,true,false,true,false,false,false,true,true,true,false,8883347746,2781059955,2520951430,6029602202,4899954649,5904549351,7672783429,4024387956,8175701578,2606932486
81,34,36,41,24,74,48,26,92,64,68,28,30,46,97,60,8,49,96,51,cat_1,cat_1,cat_2,cat_2,cat_3,cat_1,cat_1,cat_2,cat_2,cat_2,cat_3,cat_1,cat_1,cat_1,cat_1,cat_3,cat_0,cat_0,cat_1,cat_1,true,true,true,false,false,false,false,true,true,false,7569483583,5421469404,3285711315,9183094343,3605574155,2720232139,8632738114,3157871772,3952353858,6731753976
53,75,48,25,30,72,38,85,78,31,4,78,96,69,54,7,22,100,72,51,cat_0,cat_3,cat_3,cat_0,cat_2,cat_0,cat_0,cat_1,cat_1,cat_3,cat_3,cat_1,cat_3,cat_2,cat_1,cat_1,cat_0,cat_1,cat_1,cat_3,true,false,true,false,true,false,true,false,false,true,8637054063,2866880637,9500202174,2243926818,1596797966,5022291709,8861074988,3966074842,5298510034,1779207743
37,12,81,82,10,63,10,69,45,76,12,96,70,48,37,58,52,63,53,26,cat_2,cat_3,cat_1,cat_3,cat_3,cat_3,cat_1,cat_2,cat_2,cat_1,cat_0,cat_0,cat_3,cat_3,cat_1,cat_0,cat_1,cat_3,cat_3,cat_0,false,true,false,false,false,true,false,true,true,false,5627089539,3309532585,2373734195,9787917773,6665083627,9607264095,3266081872,9046562688,9373674762,2681647594
53,87,47,50,20,39,91,40,72,30,36,86,96,85,74,96,86,51,81,19,cat_2,cat_0,cat_1,cat_2,cat_1,cat_3,cat_2,cat_0,cat_1,cat_1,cat_0,cat_2,cat_3,cat_0,cat_0,cat_3,cat_0,cat_3,cat_0,cat_1,true,true,true,true,false,true,true,true,true,true,8948932318,9376904748,2694692634,5937042404,9630715114,1753466113,6704425036,7654944303,4094544055,3687918862
72,14,20,11,95,66,77,75,57,20,53,64,8,92,83,6,10,63,84,61,cat_1,cat_1,cat_0,cat_2,cat_3,cat_0,cat_3,cat_0,cat_1,cat_3,cat_0,cat_2,cat_3,cat_1,cat_0,cat_2,cat_0,cat_0,cat_1,cat_2,false,true,true,false,true,true,false,false,true,false,3762726862,2560853411,5892131040,2183718471,4151306650,5094175507,3943798964,2857988998,7193903814,3684614942
52,72,55,6,50,60,78,39,43,22,22,5,6,5,87,68,72,75,3,35,cat_1,cat_0,cat_0,cat_1,cat_2,cat_3,cat_2,cat_2,cat_3,cat_2,cat_0,cat_3,cat_2,cat_0,cat_0,cat_0,cat_2,cat_0,cat_2,cat_1,true,false,true,false,false,true,false,false,false,true,9304642424,9412213397,7102243001,7377340227,4754296022,3632685097,9441645612,7641395594,7405892385,4527781279
4,99,39,82,67,43,95,45,69,82,23,39,27,64,58,82,42,18,97,77,cat_0,cat_2,cat_2,cat_3,cat_2,cat_1,cat_3,cat_1,cat_3,cat_0,cat_3,cat_1,cat_1,cat_3,cat_1,cat_2,cat_0,cat_0,cat_0,cat_1,true,true,true,true,true,false,true,true,true,true,1339274334,1811440906,5264348085,6326044978,9360640421,2127825134,9590632844,1000266771,8645514072,5991334365
52,93,59,66,95,30,40,81,100,75,46,38,2,15,16,64,3,1,53,27,cat_1,cat_1,cat_1,cat_2,cat_3,cat_3,cat_2,cat_3,cat_2,cat_3,cat_2,cat_0,cat_3,cat_2,cat_2,cat_3,cat_3,cat_0,cat_0,cat_0,false,true,true,true,false,true,true,true,false,false,1615603482,9221395957,3072902525,6537237921,8931825927,3079925975,9075815234,6330757033,9312648672,6053732563
19,14,60,3,98,8,13,100,79,83,75,99,22,26,52,79,56,58,78,32,cat_1,cat_1,cat_2,cat_1,cat_1,cat_2,cat_1,cat_3,cat_2,cat_0,cat_3,cat_0,cat_2,cat_0,cat_2,cat_2,cat_1,cat_2,cat_0,cat_1,false,false,true,false,true,false,false,false,true,true,9856666714,5294418846,2070211347,8501446143,3488123936,7249301778,3941762812,5965152609,3264864641,1076557982
25,23,67,65,92,25,10,45,38,40,97,70,64,16,46,7,42,80,63,83,cat_0,cat_3,cat_3,cat_0,cat_1,cat_3,cat_3,cat_0,cat_3,cat_1,cat_2,cat_2,cat_3,cat_0,cat_0,cat_2,cat_1,cat_3,cat_3,cat_1,false,true,false,true,true,false,false,true,true,true,7423853938,5850386795,6735394152,8670534520,4319858502,7271323044,4135943356,5559009873,7851418849,5720282686
0,89,69,67,65,70,49,87,48,65,43,88,80,86,73,81,16,21,18,74,cat_1,cat_0,cat_3,cat_1,cat_2,cat_1,cat_2,cat_2,cat_0,cat_2,cat_2,cat_3,cat_2,cat_1,cat_0,cat_1,cat_0,cat_2,cat_3,cat_2,true,true,false,false,true,false,false,true,false,true,9489237567,2888117410,3942135543,6789462634,1304201072,3735912345,6808871089,3478386657,8053177929,6776805176
61,24,28,30,17,4,78,73,65,32,37,23,91,90,32,31,68,56,86,16,cat_0,cat_2,cat_1,cat_2,cat_3,cat_0,cat_0,cat_1,cat_2,cat_0,cat_1,cat_2,cat_1,cat_3,cat_1,cat_2,cat_1,cat_3,cat_0,cat_2,false,false,false,false,true,true,true,false,false,true,2488766512,2640647688,2972884479,5879887573,6913242576,1231096078,7434102896,2568834607,3822643075,6477390423
79,72,46,73,80,46,54,68,4,1,96,25,91,63,58,50,43,17,25,85,cat_3,cat_1,cat_2,cat_1,cat_1,cat_0,cat_0,cat_3,cat_1,cat_3,cat_3,cat_2,cat_1,cat_1,cat_0,cat_1,cat_1,cat_3,cat_0,cat_3,false,false,true,false,false,false,true,false,true,false,4460930948,7188537997,9560865392,3618109472,7517442985,2521825239,9973077701,8478451023,8053687795,8779162904
65,53,36,10,21,68,33,82,70,76,20,100,62,97,72,63,69,26,50,4,cat_0,cat_0,cat_1,cat_1,cat_1,cat_1,cat_1,cat_1,cat_0,cat_3,cat_3,cat_0,cat_0,cat_3,cat_3,cat_3,cat_3,cat_0,cat_1,cat_1,true,true,false,true,true,false,false,true,false,true,2127504350,3330332918,5054061739,4144005031,5501624492,2099988352,3288491160,2411724922,8826337314,7895709660
55,85,36,23,10,9,90,89,86,91,42,52,85,59,0,14,29,46,80,29,cat_1,cat_2,cat_2,cat_1,cat_0,cat_1,cat_2,cat_1,cat_0,cat_0,cat_3,cat_0,cat_1,cat_0,cat_0,cat_3,cat_2,cat_2,cat_0,cat_3,true,false,true,true,true,true,false,true,true,true,5672009834,4797817362,4371136238,9417713683,6620948904,6935179186,3967191996,9788353453,2826143788,8075021159
71,95,3,29,86,44,59,95,3,91,70,4,44,6,56,28,7,59,43,74,cat_0,cat_3,cat_1,cat_1,cat_0,cat_0,cat_2,cat_0,cat_2,cat_1,cat_0,cat_1,cat_3,cat_2,cat_0,cat_0,cat_2,cat_3,cat_0,cat_3,true,false,true,true,true,true,false,false,false,false,5015690004,5014516109,9976676399,2789832496,6777465681,2908873475,5355997188,3228559370,8572212813,1540951738
91,50,59,60,38,0,38,24,44,11,54,61,49,36,72,21,47,16,13,76,cat_1,cat_2,cat_1,cat_1,cat_2,cat_2,cat_0,cat_3,cat_2,cat_0,cat_0,cat_0,cat_1,cat_3,cat_2,cat_2,cat_3,cat_3,cat_2,cat_3,false,false,true,true,false,true,true,true,false,true,3880284919,2412006478,8096849129,7731192562,8794366874,8206304595,2030180723,6446170118,5899740100,8501184445
28,95,47,68,65,22,12,47,85,15,45,86,61,60,25,35,65,45,70,49,cat_2,cat_0,cat_2,cat_0,cat_0,cat_2,cat_1,cat_0,cat_3,cat_0,cat_2,cat_2,cat_2,cat_2,cat_0,cat_2,cat_0,cat_0,cat_3,cat_3,false,false,true,false,true,false,true,true,true,false,1745171703,6506101648,8429345122,3063890460,7764238420,9195665877,3475114887,2246945903,9332821053,1057922573
4,16,45,50,65,4,29,46,0,39,94,79,80,42,28,18,26,9,39,72,cat_1,cat_1,cat_0,cat_1,cat_0,cat_2,cat_1,cat_0,cat_1,cat_2,cat_3,cat_1,cat_1,cat_0,cat_1,cat_2,cat_2,cat_3,cat_2,cat_2,false,false,true,false,true,true,true,true,false,false,4762718360,5010756502,8144744110,7153751523,9751353062,1178590128,4772345879,7184990985,1167413171,1650006733
95,75,38,36,0,60,58,16,51,30,15,79,12,31,50,62,29,71,13,24,cat_1,cat_0,cat_1,cat_0,cat_2,cat_1,cat_0,cat_1,cat_3,cat_0,cat_1,cat_2,cat_3,cat_1,cat_3,cat_0,cat_3,cat_2,cat_3,cat_0,false,true,false,false,true,true,true,true,true,true,2581751332,6151019679,7626243099,8336643421,3378560429,2590466695,5532397562,6481243915,2725273956,6954716665
58,77,95,44,63,20,72,36,51,53,65,83,84,36,24,19,53,75,56,28,cat_2,cat_0,cat_0,cat_3,cat_1,cat_2,cat_0,cat_2,cat_0,cat_2,cat_1,cat_2,cat_2,cat_3,cat_0,cat_1,cat_0,cat_2,cat_0,cat_1,false,true,true,true,false,true,false,false,true,false,4229345907,1023024521,8351564400,9194043658,2683691297,7396617685,2344172831,8376342276,5091195847,6714271897
96,18,31,58,8,41,91,80,10,96,62,44,61,46,94,45,1,34,30,39,cat_2,cat_3,cat_0,cat_1,cat_0,cat_1,cat_0,cat_3,cat_1,cat_0,cat_2,cat_2,cat_1,cat_3,cat_2,cat_3,cat_2,cat_1,cat_0,cat_3,true,true,true,true,true,false,true,true,false,false,5820733095,8446974851,5918002085,4819174435,4290171243,2061970610,6684603359,2481689766,3096655204,3628721099
84,50,66,84,46,12,78,35,22,64,81,89,45,44,43,17,78,1,63,15,cat_2,cat_2,cat_2,cat_2,cat_0,cat_0,cat_3,cat_3,cat_1,cat_2,cat_3,cat_1,cat_3,cat_0,cat_0,cat_0,cat_0,cat_1,cat_2,cat_2,false,true,false,true,true,false,true,true,false,true,4248212129,2360792389,8551867802,3974004473,5985842633,3198966903,4848767433,4415841030,8678278505,6650151874
95,24,1,67,86,21,61,93,21,90,18,84,51,13,41,19,47,89,73,0,cat_0,cat_1,cat_3,cat_3,cat_3,cat_2,cat_1,cat_0,cat_0,cat_3,cat_2,cat_3,cat_0,cat_0,cat_1,cat_1,cat_3,cat_1,cat_3,cat_0,true,false,true,true,false,false,true,true,true,true,9876470817,8647399457,6433914641,8957442650,8204401421,1080676646,8329723826,1711738320,2993571860,3089947971
66,69,1,29,63,46,20,24,80,37,43,30,45,32,40,100,26,51,49,60,cat_1,cat_1,cat_1,cat_2,cat_1,cat_1,cat_0,cat_1,cat_3,cat_2,cat_0,cat_2,cat_2,cat_1,cat_0,cat_3,cat_0,cat_3,cat_0,cat_0,true,true,true,false,false,true,true,false,true,false,2185491227,6004852914,7248082865,1545663194,7624498470,5334422323,9183258734,1914296595,6843321832,4063445675
36,67,16,25,10,74,13,53,18,17,85,52,54,72,48,18,25,42,63,31,cat_2,cat_0,cat_2,cat_2,cat_0,cat_2,cat_2,cat_1,cat_3,cat_2,cat_2,cat_2,cat_3,cat_3,cat_0,cat_2,cat_3,cat_1,cat_1,cat_2,false,false,true,true,true,false,true,false,false,false,7461327401,9335861339,9765608546,4811498685,1433507724,1669198653,1011860330,8622754811,2408861977,2516675976
69,21,80,73,53,30,74,76,16,33,72,14,38,8,64,91,32,40,34,95,cat_0,cat_2,cat_0,cat_3,cat_3,cat_0,cat_3,cat_1,cat_2,cat_0,cat_0,cat_2,cat_3,cat_1,cat_0,cat_3,cat_1,cat_1,cat_2,cat_3,true,true,true,true,true,false,false,true,true,true,1669472124,2494403277,4955384204,5576928016,5339802750,2626311473,7334311773,7922064708,8313099576,8096336871
43,72,67,38,85,60,48,46,46,65,75,72,12,25,50,62,60,98,38,12,cat_3,cat_1,cat_2,cat_1,cat_2,cat_1,cat_1,cat_2,cat_1,cat_0,cat_1,cat_0,cat_2,cat_2,cat_2,cat_2,cat_2,cat_1,cat_2,cat_3,true,true,true,false,false,true,false,false,true,false,5325131959,4547493598,1708695963,1077195600,8826563843,8627635235,5325436511,7988401264,5333627320,1309038474
29,22,19,43,91,90,91,59,34,91,0,48,100,92,41,18,7,71,94,89,cat_3,cat_3,cat_1,cat_1,cat_1,cat_2,cat_0,cat_2,cat_3,cat_0,cat_2,cat_0,cat_0,cat_1,cat_2,cat_0,cat_2,cat_2,cat_3,cat_1,true,false,true,true,false,false,false,true,true,false,1074173241,9617180222,2461775208,1078248265,6456456739,5481536016,3453690627,4430121165,1001848318,4816247795
8,25,68,75,42,65,63,89,10,59,44,9,65,44,16,92,50,46,92,11,cat_2,cat_1,cat_1,cat_2,cat_0,cat_2,cat_3,cat_2,cat_0,cat_0,cat_1,cat_1,cat_0,cat_1,cat_2,cat_1,cat_1,cat_3,cat_0,cat_0,false,false,false,false,true,false,true,true,false,false,2852149425,3314033482,7369312476,5715220038,9006552278,5011555611,6032647033,5302289136,7334595504,9558946083
75,32,2,17,71,81,27,58,79,91,62,39,44,19,41,39,34,70,75,82,cat_1,cat_2,cat_1,cat_3,cat_1,cat_1,cat_3,cat_2,cat_3,cat_3,cat_1,cat_1,cat_0,cat_0,cat_3,cat_2,cat_0,cat_0,cat_0,cat_2,false,false,true,true,false,true,false,false,true,false,4493521422,5379897902,3352598323,5530239982,7856628660,9434996619,2777359427,9471821763,8069254085,2035416579
36,47,21,74,100,68,90,12,13,41,27,33,58,83,5,6,18,56,26,81,cat_3,cat_2,cat_1,cat_2,cat_1,cat_0,cat_1,cat_1,cat_3,cat_2,cat_2,cat_3,cat_2,cat_2,cat_2,cat_0,cat_0,cat_0,cat_1,cat_1,true,true,false,true,true,true,false,false,true,true,8578661770,9456489213,1630788892,7476683264,3875775318,4915748885,7778447935,9390782145,4655350939,1126392403
15,100,6,68,50,7,56,10,22,50,86,28,7,44,5,11,49,74,92,21,cat_0,cat_1,cat_2,cat_3,cat_1,cat_3,cat_2,cat_3,cat_3,cat_2,cat_3,cat_3,cat_0,cat_3,cat_2,cat_2,cat_2,cat_2,cat_0,cat_0,true,true,false,true,false,false,false,true,true,true,2630988178,8358531378,9839883515,7065001588,8259839817,7880246685,4605350616,2335137291,2498133484,6575305810
31,37,0,46,55,1,38,1,58,81,37,95,8,91,69,1,55,81,36,59,cat_1,cat_1,cat_3,cat_1,cat_0,cat_1,cat_2,cat_1,cat_3,cat_3,cat_2,cat_1,cat_2,cat_2,cat_2,cat_2,cat_3,cat_1,cat_3,cat_0,false,false,true,false,false,true,false,true,true,true,6131029033,1477912476,9555538085,6425435822,7459046616,8281253751,1454626437,2301275712,4380139085,6720440887
5,3,26,79,59,96,2,54,30,56,53,42,60,36,70,47,76,1,66,49,cat_2,cat_1,cat_0,cat_1,cat_1,cat_3,cat_2,cat_1,cat_1,cat_2,cat_3,cat_0,cat_0,cat_3,cat_0,cat_1,cat_3,cat_2,cat_2,cat_3,true,true,false,false,true,false,true,false,true,false,8534233624,7282795955,3972746461,1685113201,1775538094,2094461543,2491703912,3731481063,2024751980,8354004283
4,56,98,66,43,69,94,85,75,14,29,78,51,25,74,36,25,21,91,31,cat_0,cat_2,cat_3,cat_2,cat_1,cat_1,cat_0,cat_1,cat_0,cat_3,cat_2,cat_0,cat_3,cat_2,cat_3,cat_1,cat_3,cat_3,cat_3,cat_0,false,true,false,false,false,false,false,true,false,false,4996005632,8865098615,8812594001,9152827034,3782589177,9794890183,4100487943,8731488804,2621886135,2541593248
88,52,59,45,77,29,74,56,49,81,58,43,27,74,43,36,37,69,49,47,cat_2,cat_1,cat_1,cat_0,cat_3,cat_0,cat_0,cat_0,cat_1,cat_3,cat_2,cat_2,cat_1,cat_3,cat_3,cat_3,cat_0,cat_3,cat_2,cat_1,true,false,false,true,false,false,false,true,true,false,9458417765,5011969702,4279874058,4824785440,3671080824,5533939035,4043103348,4384931311,3306035526,7174111200
65,49,45,40,3,86,36,57,13,28,21,2,68,57,77,92,3,61,72,11,cat_2,cat_0,cat_1,cat_2,cat_0,cat_2,cat_3,cat_0,cat_2,cat_2,cat_0,cat_1,cat_2,cat_1,cat_3,cat_1,cat_3,cat_1,cat_3,cat_0,true,true,true,false,false,false,true,true,false,false,2201934480,5222204278,1275235655,7690076796,8485378831,6811316336,1373970134,8541299043,3745331862,5612938718
25,40,100,98,41,40,86,94,96,54,12,18,72,15,52,65,67,24,8,14,cat_0,cat_1,cat_0,cat_1,cat_3,cat_0,cat_1,cat_3,cat_2,cat_1,cat_1,cat_1,cat_3,cat_0,cat_1,cat_3,cat_1,cat_2,cat_2,cat_2,true,true,true,true,false,true,false,true,false,true,2326929411,5282867186,4049831665,1825647297,7462456413,9326131037,5808848219,1693273295,7539976503,3420060565
55,70,46,74,39,18,100,77,5,3,36,70,46,32,59,81,1,35,77,34,cat_2,cat_0,cat_1,cat_0,cat_3,cat_3,cat_2,cat_3,cat_2,cat_2,cat_2,cat_0,cat_3,cat_2,cat_3,cat_0,cat_0,cat_0,cat_2,cat_2,false,false,true,false,true,false,false,false,false,false,9598107343,3205431800,4929174727,9767114917,2480993433,7344584902,1156007937,7214928883,1153059100,4391846559
73,74,70,92,61,73,37,67,35,22,64,94,50,6,37,24,100,51,55,33,cat_0,cat_1,cat_0,cat_0,cat_1,cat_2,cat_3,cat_0,cat_1,cat_1,cat_3,cat_2,cat_0,cat_1,cat_1,cat_2,cat_1,cat_1,cat_2,cat_0,true,true,false,true,true,false,false,false,true,false,4348437622,8841988251,4554851186,7480965651,1974924695,9258660491,3480014932,9600722708,8817921344,8087908389
6,39,4,94,94,36,9,56,25,9,59,12,64,36,91,0,35,42,81,3,cat_1,cat_1,cat_1,cat_3,cat_3,cat_3,cat_0,cat_1,cat_3,cat_2,cat_0,cat_2,cat_1,cat_0,cat_1,cat_0,cat_3,cat_3,cat_0,cat_1,true,false,false,false,false,false,true,false,true,false,8765077966,3405369219,8242148847,8294254246,6514679839,5956221217,7792167602,9442562617,2840464804,2843649649
1,81,62,67,81,71,17,45,97,16,16,44,38,34,95,59,91,59,19,2,cat_1,cat_3,cat_2,cat_2,cat_1,cat_1,cat_2,cat_3,cat_3,cat_1,cat_2,cat_0,cat_3,cat_1,cat_3,cat_0,cat_1,cat_1,cat_0,cat_1,true,true,false,true,true,true,false,false,true,true,4853263098,9410788494,7920939653,6105420833,6298610205,6811739428,5854267775,1316693267,5832761632,2858664178
61,63,23,26,33,31,75,37,96,61,90,10,82,9,31,67,8,98,95,49,cat_3,cat_1,cat_2,cat_2,cat_1,cat_3,cat_3,cat_1,cat_0,cat_0,cat_1,cat_1,cat_1,cat_1,cat_0,cat_0,cat_2,cat_2,cat_0,cat_3,true,true,true,true,false,true,true,true,true,true,4969398185,4330916082,9285053299,7368767567,9972931066,4402960604,4407433819,6447493192,1516624468,4759933640
95,67,30,57,100,44,24,59,56,26,92,59,10,56,97,79,97,96,23,57,cat_0,cat_2,cat_3,cat_0,cat_0,cat_0,cat_3,cat_0,cat_2,cat_1,cat_2,cat_2,cat_2,cat_2,cat_3,cat_1,cat_2,cat_1,cat_3,cat_3,true,true,false,true,false,true,false,true,false,false,2685677779,3011111386,2169482014,9233629344,5737513599,2562967021,1940113619,9651026752,6394322826,5573232747
15,87,1,7,60,100,92,45,76,86,84,56,40,15,33,41,13,5,40,56,cat_3,cat_1,cat_3,cat_1,cat_3,cat_3,cat_3,cat_0,cat_0,cat_2,cat_3,cat_2,cat_0,cat_2,cat_3,cat_1,cat_3,cat_3,cat_1,cat_1,true,true,true,true,true,true,false,true,false,false,1572292206,4206034574,6033902119,4555275341,4769869579,9746268566,8568590602,8801614939,6351201556,2207589702
21,90,35,92,95,44,5,4,90,15,15,90,64,86,80,8,79,31,39,67,cat_3,cat_0,cat_0,cat_1,cat_0,cat_2,cat_2,cat_1,cat_3,cat_3,cat_3,cat_3,cat_2,cat_1,cat_3,cat_0,cat_2,cat_3,cat_2,cat_1,true,false,true,true,false,true,false,true,true,false,6759939695,5422271117,5119225134,4044326456,4407969256,1781731667,7215264508,1099529150,3945286105,7686869645
64,38,55,55,32,74,5,95,75,64,49,83,85,61,22,28,94,54,1,57,cat_0,cat_3,cat_0,cat_2,cat_2,cat_1,cat_0,cat_2,cat_2,cat_3,cat_2,cat_3,cat_2,cat_0,cat_3,cat_0,cat_3,cat_2,cat_0,cat_3,false,true,true,false,false,false,true,false,true,false,6114406886,2138250432,4379042860,2582214936,2572531561,2480135478,7219435350,8868471131,5540182587,6232295269
38,85,43,39,26,48,61,32,38,13,92,22,10,69,76,83,81,57,78,6,cat_2,cat_1,cat_2,cat_0,cat_3,cat_1,cat_2,cat_2,cat_3,cat_0,cat_1,cat_2,cat_3,cat_1,cat_2,cat_3,cat_1,cat_2,cat_0,cat_0,true,false,false,true,true,false,false,false,true,false,3279637151,6046205306,5062348991,5593669906,3114975108,9684987509,6652193460,3359742462,8516821334,6304223553
30,61,6,80,45,19,52,20,72,69,6,41,49,33,7,33,30,46,53,72,cat_0,cat_2,cat_1,cat_1,cat_0,cat_1,cat_3,cat_3,cat_2,cat_1,cat_2,cat_2,cat_1,cat_2,cat_2,cat_1,cat_2,cat_3,cat_3,cat_3,false,true,false,true,false,false,false,true,false,true,3064836293,9160109078,8551080508,5532030550,5118057265,4169569756,5600673006,4309760061,8204834190,8344668451
84,3,77,24,12,58,66,15,76,56,18,61,28,80,13,51,81,48,36,65,cat_3,cat_3,cat_1,cat_1,cat_0,cat_1,cat_0,cat_3,cat_0,cat_2,cat_1,cat_3,cat_0,cat_1,cat_3,cat_2,cat_0,cat_2,cat_0,cat_1,false,false,false,true,false,false,false,true,false,true,7774346236,4116149443,7589252008,5764445721,8994454237,4246417362,5219364228,3860827062,4312863768,7505704539
2,76,69,63,83,54,49,6,94,60,52,37,20,60,26,87,48,93,22,60,cat_1,cat_2,cat_0,cat_2,cat_2,cat_1,cat_0,cat_0,cat_3,cat_2,cat_2,cat_3,cat_3,cat_0,cat_3,cat_3,cat_1,cat_0,cat_1,cat_3,false,false,true,true,false,false,false,false,false,false,8844634334,5804042810,6480430319,6633123640,5031679347,8208996390,4733591465,4675524057,6331202312,2595722554
67,24,12,27,33,85,78,11,5,11,15,69,71,88,30,64,89,59,16,92,cat_0,cat_2,cat_2,cat_1,cat_1,cat_0,cat_3,cat_0,cat_3,cat_1,cat_0,cat_0,cat_2,cat_3,cat_2,cat_0,cat_0,cat_0,cat_2,cat_0,true,true,true,true,true,false,true,false,false,true,6076708492,5589109986,2122679365,3811955039,1078320556,8985914402,1402387593,7817134805,7132994543,3384670346
68,93,57,23,95,89,48,6,88,47,58,17,55,88,86,91,24,100,15,80,cat_2,cat_3,cat_3,cat_0,cat_1,cat_1,cat_3,cat_2,cat_3,cat_0,cat_1,cat_3,cat_1,cat_1,cat_3,cat_3,cat_2,cat_0,cat_3,cat_1,true,true,true,true,true,true,false,true,false,true,1278764718,9794021765,1791380182,5246031893,3772998933,4135409406,3409812082,4588199192,5107678648,9061889311
52,81,39,13,61,51,55,36,31,90,9,15,66,40,98,89,46,86,60,67,cat_2,cat_1,cat_1,cat_3,cat_1,cat_3,cat_3,cat_0,cat_1,cat_3,cat_0,cat_0,cat_2,cat_2,cat_1,cat_3,cat_1,cat_3,cat_1,cat_0,true,false,false,false,true,true,true,true,true,true,3419562387,1679340821,8432411862,7581170735,9692823935,6407260608,7720281401,9279046129,7857148247,5471923156
6,0,33,58,53,7,100,47,34,63,0,22,61,56,50,61,94,0,96,46,cat_3,cat_3,cat_2,cat_1,cat_3,cat_1,cat_3,cat_1,cat_3,cat_0,cat_2,cat_2,cat_1,cat_3,cat_3,cat_0,cat_1,cat_0,cat_3,cat_3,true,true,true,true,true,false,false,true,false,true,6845151651,1326974342,3647047200,3659192804,1538499947,8748133094,9538335670,6025151573,2007798065,9511732493
78,13,31,15,61,59,1,57,85,5,10,1,21,39,58,88,16,52,90,42,cat_1,cat_1,cat_2,cat_3,cat_3,cat_1,cat_1,cat_2,cat_3,cat_1,cat_0,cat_1,cat_1,cat_3,cat_0,cat_0,cat_1,cat_3,cat_1,cat_3,false,false,true,false,true,true,true,false,true,true,3196064193,1350285625,5232218207,8239659800,9282650713,4238856724,9787263374,3873914606,6574073169,2727574004
14,98,86,64,96,51,19,67,83,55,41,14,40,47,2,81,3,75,37,67,cat_3,cat_1,cat_2,cat_3,cat_2,cat_1,cat_0,cat_3,cat_3,cat_0,cat_2,cat_1,cat_3,cat_2,cat_0,cat_3,cat_0,cat_2,cat_3,cat_3,true,false,true,true,true,false,false,false,true,false,8946703132,8082383562,6478592510,5483136696,3174327547,7532970621,7734990348,6695830404,8845213719,1733430627
43,96,63,50,25,2,96,59,91,9,24,41,62,55,29,49,65,23,20,97,cat_0,cat_2,cat_3,cat_3,cat_0,cat_2,cat_2,cat_0,cat_0,cat_0,cat_2,cat_1,cat_0,cat_3,cat_1,cat_0,cat_3,cat_1,cat_3,cat_2,true,false,true,true,false,false,true,true,true,false,2341020913,3436558187,4841977278,2332900089,1854360903,4965246643,1283139176,5473813479,3104226579,9779669780
16,84,53,27,92,82,0,75,91,92,7,42,29,48,33,6,66,7,12,96,cat_3,cat_2,cat_3,cat_0,cat_3,cat_3,cat_2,cat_3,cat_2,cat_2,cat_0,cat_2,cat_3,cat_2,cat_0,cat_3,cat_3,cat_3,cat_3,cat_1,false,true,true,true,true,false,false,false,true,false,5228119148,3367398737,5663281297,8243317085,3597771842,9715534232,8419707819,1139462705,5907284916,5873947823
32,29,92,40,43,89,48,91,58,22,38,23,85,46,4,74,90,95,70,11,cat_3,cat_2,cat_2,cat_3,cat_2,cat_1,cat_2,cat_3,cat_2,cat_2,cat_2,cat_3,cat_2,cat_0,cat_0,cat_0,cat_2,cat_1,cat_1,cat_2,true,false,true,true,false,false,false,true,true,true,9488258510,6328523404,3615370553,8115950460,2701435005,7736390429,8281467217,6053190647,3017817511,2792659486
69,62,33,23,76,98,52,93,59,53,44,40,43,98,87,2,82,27,98,31,cat_2,cat_2,cat_1,cat_1,cat_2,cat_3,cat_0,cat_1,cat_3,cat_2,cat_3,cat_0,cat_2,cat_1,cat_3,cat_3,cat_0,cat_1,cat_3,cat_1,true,false,false,true,false,false,true,true,true,true,3422430901,9937044659,5719494883,3238767135,4024439725,7185511724,2585334084,5611506394,6878778948,4064932368
61,22,43,96,7,79,57,40,98,4,48,96,21,85,38,29,93,99,35,74,cat_1,cat_0,cat_2,cat_1,cat_0,cat_3,cat_0,cat_1,cat_0,cat_3,cat_3,cat_2,cat_2,cat_2,cat_0,cat_0,cat_1,cat_2,cat_1,cat_0,true,true,false,false,true,true,false,false,false,false,8598292228,4026303530,1359114552,8691778672,7581948230,7722579670,5201838946,1155968690,6127950092,3695000217
100,67,5,4,84,10,13,0,22,22,54,52,38,18,17,82,2,85,24,37,cat_2,cat_3,cat_1,cat_1,cat_2,cat_0,cat_2,cat_3,cat_3,cat_2,cat_3,cat_2,cat_0,cat_3,cat_3,cat_3,cat_0,cat_0,cat_2,cat_2,true,false,true,true,true,false,false,false,false,true,8850531526,5446463305,8732983305,7611246838,3058606316,1324188789,6265885068,4355070188,6304775389,5793342042
7,80,3,41,30,34,31,98,40,52,53,82,68,56,55,24,86,87,97,20,cat_1,cat_0,cat_2,cat_1,cat_1,cat_0,cat_2,cat_2,cat_1,cat_2,cat_0,cat_1,cat_2,cat_0,cat_1,cat_1,cat_3,cat_0,cat_2,cat_3,false,false,false,true,false,false,true,false,false,true,2045461795,4163248237,5666140588,1501355795,7933624613,8599671727,2731076318,6466104623,9632346576,9353842683
45,58,54,63,74,53,22,0,70,45,69,53,24,39,88,23,6,99,5,65,cat_2,cat_2,cat_0,cat_3,cat_1,cat_3,cat_3,cat_1,cat_1,cat_2,cat_1,cat_0,cat_0,cat_3,cat_1,cat_1,cat_0,cat_2,cat_0,cat_0,false,true,false,true,true,true,false,true,false,false,1072882389,9227978126,6832236277,8587565759,5395600043,7226404292,8431714143,2845039018,7541551233,1010985485
28,25,4,31,6,39,89,26,22,95,12,31,43,37,70,25,7,78,31,23,cat_0,cat_2,cat_0,cat_3,cat_3,cat_1,cat_2,cat_3,cat_2,cat_1,cat_0,cat_3,cat_2,cat_3,cat_3,cat_0,cat_0,cat_3,cat_3,cat_2,false,false,true,false,false,true,false,true,false,true,8638016692,6827200842,2938982500,6822535341,8402998515,6664011538,8794632318,5493593631,4245041282,8181216330
25,24,80,49,78,46,87,39,72,88,14,7,15,29,75,82,22,93,44,94,cat_1,cat_1,cat_0,cat_1,cat_1,cat_0,cat_2,cat_1,cat_3,cat_3,cat_2,cat_2,cat_1,cat_0,cat_2,cat_0,cat_2,cat_1,cat_0,cat_2,true,false,false,true,true,true,false,true,false,true,5270605269,8034956730,2949887112,9268499588,7597231558,6759668255,1309298693,5854168350,3006880548,6776143519
15,100,86,87,51,15,22,74,24,22,5,42,34,81,69,18,24,39,17,67,cat_1,cat_2,cat_2,cat_1,cat_2,cat_3,cat_3,cat_1,cat_2,cat_2,cat_2,cat_1,cat_1,cat_0,cat_1,cat_2,cat_3,cat_3,cat_3,cat_3,false,true,true,true,true,true,true,false,false,true,7518658081,6122783326,9184585426,3816249557,4721422025,1253124155,2121029820,6353937467,2881532839,8150067249
68,67,21,93,30,1,82,80,77,10,24,60,10,20,35,71,57,36,24,44,cat_2,cat_2,cat_3,cat_0,cat_1,cat_0,cat_1,cat_3,cat_3,cat_1,cat_1,cat_3,cat_2,cat_1,cat_2,cat_1,cat_3,cat_1,cat_2,cat_0,true,false,true,true,false,false,true,true,true,true,4595242031,2983469194,2853555994,4371139702,3640745520,7573707036,6086183126,3129418829,2767136724,5380734092
15,27,97,7,49,23,47,58,51,53,51,97,79,28,23,20,61,96,42,87,cat_2,cat_0,cat_3,cat_1,cat_2,cat_1,cat_3,cat_3,cat_1,cat_0,cat_0,cat_1,cat_3,cat_3,cat_1,cat_1,cat_0,cat_3,cat_1,cat_3,true,true,false,true,false,false,true,false,false,false,4630734143,2370596165,6529066771,3455119304,2053962319,6340428523,2175684959,2870484966,2893399359,4444851318
21,4,72,30,23,12,14,38,23,51,92,82,73,50,88,75,44,78,16,68,cat_3,cat_2,cat_0,cat_1,cat_0,cat_3,cat_2,cat_1,cat_3,cat_3,cat_0,cat_1,cat_1,cat_2,cat_0,cat_1,cat_0,cat_2,cat_0,cat_0,false,true,true,true,false,true,true,true,false,true,4601279385,7949829711,2426032133,1347280043,5248383060,6078566843,8774541787,6791438385,4540494287,7078019901
30,64,31,51,40,52,86,95,54,10,82,19,67,90,100,74,2,17,28,40,cat_0,cat_0,cat_1,cat_1,cat_2,cat_1,cat_2,cat_3,cat_1,cat_2,cat_0,cat_1,cat_0,cat_3,cat_0,cat_1,cat_3,cat_1,cat_1,cat_2,false,true,false,true,true,false,true,true,true,false,8584262832,4627402361,1963340900,6045358159,3451699642,7951679842,6818114295,5148061700,3285148307,3535851745
35,82,17,46,12,95,72,72,85,45,36,81,99,14,94,9,87,61,73,24,cat_1,cat_0,cat_3,cat_1,cat_3,cat_2,cat_3,cat_0,cat_0,cat_0,cat_0,cat_3,cat_2,cat_1,cat_0,cat_2,cat_3,cat_2,cat_0,cat_0,true,true,false,true,true,false,false,false,true,false,8248374511,5161486068,5919723886,9754397905,3840377244,1809199351,3535899666,6145722203,9736122067,7227654395
16,56,95,49,83,5,45,48,91,77,17,4,23,84,14,80,96,82,79,13,cat_0,cat_1,cat_3,cat_0,cat_2,cat_3,cat_0,cat_1,cat_0,cat_3,cat_3,cat_3,cat_3,cat_0,cat_1,cat_2,cat_1,cat_2,cat_2,cat_3,true,true,true,false,false,false,true,false,true,true,8733708333,5626571036,7961902640,5834362646,5858035558,2335446387,1686351035,1963947025,9632607255,8716877998
0,14,97,28,22,50,83,29,14,73,86,50,90,81,72,7,93,66,43,72,cat_3,cat_0,cat_0,cat_3,cat_3,cat_0,cat_0,cat_1,cat_0,cat_0,cat_3,cat_1,cat_3,cat_3,cat_1,cat_0,cat_1,cat_1,cat_0,cat_0,false,true,false,false,false,false,true,true,false,false,8114792513,6044834032,5428313386,6281116327,2314449444,5358762647,3351418718,5783670299,9668009448,5012999545
62,72,52,22,64,88,94,77,64,44,55,19,51,40,27,85,82,26,100,77,cat_2,cat_1,cat_2,cat_2,cat_3,cat_1,cat_0,cat_2,cat_2,cat_0,cat_1,cat_3,cat_0,cat_0,cat_2,cat_2,cat_3,cat_3,cat_0,cat_0,true,false,true,true,true,true,false,false,false,false,8943876602,3508240286,3671649663,2991284357,9551595852,2435914645,9998366644,1900722892,2278841952,2037678278
80,36,65,36,57,54,80,41,68,27,37,100,56,55,22,87,62,54,36,52,cat_2,cat_0,cat_2,cat_0,cat_3,cat_2,cat_3,cat_3,cat_2,cat_3,cat_3,cat_1,cat_3,cat_1,cat_2,cat_0,cat_3,cat_0,cat_0,cat_3,true,false,false,true,false,false,false,true,false,false,2587338301,7871088149,7515776376,2078175526,9651414898,9843133005,8887572474,8712602519,2221248220,4792360197
73,84,96,32,32,97,44,51,67,68,72,0,91,38,12,71,54,2,16,77,cat_3,cat_1,cat_2,cat_0,cat_3,cat_0,cat_1,cat_1,cat_0,cat_1,cat_3,cat_2,cat_0,cat_3,cat_3,cat_1,cat_1,cat_3,cat_2,cat_1,true,true,true,false,true,true,false,true,true,false,9896873155,9518765806,1059673082,5663050384,4535012501,2877246930,5666549065,7935928790,1931059407,6458613722
51,19,43,44,55,31,80,45,57,42,18,74,26,10,35,54,32,42,67,93,cat_0,cat_1,cat_1,cat_3,cat_2,cat_0,cat_3,cat_3,cat_2,cat_1,cat_0,cat_1,cat_3,cat_2,cat_0,cat_1,cat_0,cat_2,cat_3,cat_2,true,true,false,false,true,true,false,true,true,true,5044868117,3105495808,9723868332,5498771036,5528204230,6216326160,1092888289,3741669674,9351762093,9470673594
6,17,70,33,53,87,3,99,39,42,8,56,16,30,0,3,29,80,69,5,cat_0,cat_0,cat_2,cat_0,cat_1,cat_1,cat_0,cat_3,cat_0,cat_2,cat_3,cat_2,cat_1,cat_2,cat_3,cat_3,cat_0,cat_0,cat_0,cat_2,true,true,false,true,true,true,true,true,false,true,6839214944,6884958948,4048221914,5927792548,2822710422,7999721240,5050829445,3044673498,6539592190,1903855740
96,59,17,6,72,9,39,25,89,63,31,45,41,15,97,55,60,3,11,81,cat_3,cat_1,cat_2,cat_2,cat_1,cat_0,cat_1,cat_2,cat_0,cat_2,cat_3,cat_1,cat_2,cat_0,cat_0,cat_1,cat_2,cat_2,cat_2,cat_2,false,false,true,false,false,true,false,true,true,true,9534783060,1636879570,5615841425,3288105997,7196059702,2596861694,8836046528,9886653934,7426878700,3410184991
34,11,35,88,73,55,46,81,20,46,42,51,76,63,44,58,40,61,33,88,cat_0,cat_3,cat_1,cat_1,cat_1,cat_2,cat_1,cat_2,cat_2,cat_1,cat_2,cat_2,cat_3,cat_3,cat_0,cat_0,cat_1,cat_2,cat_2,cat_1,true,false,true,false,false,false,true,false,false,true,1716209830,3032850673,4006504824,8130141870,9361028520,6731916461,1291549850,7064790481,6468550898,2600327104
31,79,2,43,43,5,81,96,96,54,22,67,36,21,93,84,71,100,50,2,cat_2,cat_2,cat_0,cat_1,cat_1,cat_3,cat_0,cat_1,cat_0,cat_0,cat_3,cat_3,cat_0,cat_0,cat_3,cat_0,cat_1,cat_1,cat_2,cat_1,true,true,false,true,true,false,true,false,true,false,3335068490,4041909356,1297653265,3198174559,8193228364,4813832901,8126762280,5606647660,1636101662,7542288298
34,6,21,93,48,33,6,63,28,11,7,100,65,15,46,48,80,33,90,92,cat_3,cat_2,cat_0,cat_1,cat_1,cat_1,cat_2,cat_0,cat_1,cat_1,cat_0,cat_1,cat_1,cat_1,cat_0,cat_0,cat_0,cat_1,cat_0,cat_0,true,true,false,false,true,false,true,true,true,false,5870523736,1725500864,9586501199,8217524610,1170717337,3520746052,7847027983,9880350930,4243775380,7898864539
79,3,5,14,55,47,83,87,29,91,3,3,28,15,22,36,40,7,92,75,cat_3,cat_1,cat_3,cat_2,cat_2,cat_2,cat_3,cat_3,cat_3,cat_1,cat_1,cat_3,cat_2,cat_0,cat_3,cat_3,cat_2,cat_0,cat_0,cat_2,false,false,false,false,true,false,false,false,true,true,3752286360,8583651558,3504142283,2131436743,4795935527,7766317213,7470963367,6476770547,6119662109,7478889679
67,46,2,26,5,23,75,30,60,0,24,71,6,65,93,85,89,95,71,12,cat_0,cat_2,cat_2,cat_2,cat_1,cat_0,cat_0,cat_1,cat_1,cat_1,cat_3,cat_1,cat_2,cat_1,cat_3,cat_2,cat_2,cat_3,cat_3,cat_2,true,true,false,true,true,false,true,true,false,false,9499928351,3349483291,8257643193,4191664637,2774167634,1641526209,3113066947,6441390589,3678677003,8257758037
66,79,62,28,46,54,35,24,64,23,1,83,5,54,88,44,23,82,91,2,cat_0,cat_2,cat_2,cat_1,cat_1,cat_2,cat_3,cat_0,cat_2,cat_0,cat_3,cat_2,cat_1,cat_3,cat_3,cat_1,cat_1,cat_3,cat_0,cat_1,false,false,true,false,false,true,false,true,false,false,2395136740,9968340918,2316315517,7652425626,5288283679,9054575171,9255416613,1416442097,8952265911,3994210750
54,29,82,38,93,85,62,64,25,54,20,74,27,61,32,8,49,4,43,64,cat_2,cat_0,cat_1,cat_3,cat_0,cat_3,cat_0,cat_3,cat_3,cat_1,cat_2,cat_3,cat_3,cat_2,cat_1,cat_3,cat_2,cat_1,cat_2,cat_3,true,true,false,false,true,false,false,true,true,false,5302253591,1649935195,1684529274,2138802830,7725274389,7956148975,8509337124,9679243283,9223764235,6985474132
6,64,7,56,96,44,42,27,5,20,32,82,33,5,3,8,67,80,37,73,cat_3,cat_2,cat_2,cat_3,cat_1,cat_3,cat_1,cat_0,cat_1,cat_3,cat_3,cat_2,cat_0,cat_2,cat_1,cat_0,cat_2,cat_1,cat_0,cat_2,false,true,false,false,false,false,false,false,false,true,4456967154,3136258740,6569066567,7041794491,1811378986,1560628146,5864914416,8897343136,6388386179,8838791133
60,9,58,22,50,52,96,16,74,56,78,31,69,29,23,75,60,84,51,74,cat_0,cat_1,cat_2,cat_3,cat_1,cat_1,cat_0,cat_3,cat_2,cat_2,cat_3,cat_1,cat_3,cat_2,cat_0,cat_2,cat_0,cat_3,cat_0,cat_0,true,false,true,false,false,false,true,true,true,false,8490801439,6348785945,3802599422,5495620978,3293738163,8420482543,3506248990,2592962924,1062817115,8845712327
41,63,59,72,46,94,0,99,23,56,50,94,84,64,67,21,83,16,22,53,cat_0,cat_1,cat_1,cat_1,cat_0,cat_1,cat_3,cat_0,cat_1,cat_2,cat_0,cat_2,cat_3,cat_1,cat_3,cat_0,cat_3,cat_1,cat_2,cat_2,false,false,false,true,false,false,false,false,true,true,5798027653,7645118202,1561695444,2588800942,8909691324,9939318035,5413147691,7970898207,1333693610,3578181401
99,68,66,21,92,2,26,8,29,14,29,56,77,39,91,22,54,61,27,46,cat_3,cat_0,cat_3,cat_2,cat_0,cat_1,cat_2,cat_2,cat_3,cat_3,cat_1,cat_0,cat_0,cat_2,cat_2,cat_1,cat_1,cat_0,cat_0,cat_0,true,false,true,true,false,false,false,false,true,false,6229719558,5978344994,8095285060,8670351785,5312911405,6714589123,5201768157,2129356859,1800534234,8917636244
0,2,85,31,50,29,48,91,51,83,41,58,33,54,64,70,29,33,59,66,cat_1,cat_1,cat_3,cat_2,cat_3,cat_2,cat_3,cat_3,cat_2,cat_3,cat_3,cat_3,cat_2,cat_1,cat_1,cat_3,cat_0,cat_3,cat_2,cat_0,true,false,false,false,true,false,false,true,false,false,1058553119,8592889533,2838955231,2200163311,3245797916,4417155072,8311992854,9997730794,5018670866,6824219857
7,43,96,61,34,89,91,33,35,50,73,31,42,66,88,46,99,49,26,6,cat_2,cat_3,cat_1,cat_2,cat_0,cat_2,cat_0,cat_2,cat_2,cat_3,cat_3,cat_1,cat_1,cat_3,cat_1,cat_1,cat_1,cat_2,cat_1,cat_0,true,false,false,false,true,true,true,true,false,true,4842485108,1928123246,3445525806,4505326070,3547070651,7611047961,9155726271,6831644072,4029142317,6336935837
99,41,77,89,67,76,91,93,42,18,43,10,68,24,31,29,90,42,44,32,cat_1,cat_3,cat_1,cat_0,cat_0,cat_3,cat_1,cat_1,cat_3,cat_2,cat_2,cat_1,cat_2,cat_2,cat_0,cat_1,cat_1,cat_3,cat_2,cat_0,true,true,true,true,false,false,false,false,false,false,2855103516,5346331104,7205332668,6149980756,9132374433,4801686506,7922579509,6795743799,5710223933,6721398554
16,42,65,26,28,45,4,99,39,98,72,83,78,13,5,5,11,50,14,39,cat_1,cat_3,cat_2,cat_1,cat_3,cat_0,cat_3,cat_1,cat_2,cat_1,cat_0,cat_1,cat_1,cat_3,cat_3,cat_3,cat_1,cat_0,cat_2,cat_3,true,false,true,false,true,false,false,true,false,false,2712294588,3394778721,7683830879,5760608959,9116041766,8943710603,9187758604,1122766528,8586914664,1535817605
5,44,53,27,17,65,32,58,37,45,15,9,46,38,37,84,35,11,71,12,cat_1,cat_2,cat_1,cat_0,cat_0,cat_2,cat_1,cat_2,cat_0,cat_2,cat_0,cat_0,cat_3,cat_2,cat_2,cat_0,cat_0,cat_0,cat_0,cat_2,true,false,false,false,true,true,true,false,false,false,1019639945,6964433624,9213062012,5027786675,2608530536,4369415438,7010707129,8019981439,6373648229,4454372402
15,88,47,85,29,29,0,38,29,71,45,1,42,39,68,18,70,84,70,37,cat_0,cat_0,cat_0,cat_2,cat_1,cat_3,cat_2,cat_2,cat_1,cat_0,cat_3,cat_3,cat_1,cat_3,cat_0,cat_2,cat_2,cat_1,cat_1,cat_2,false,false,false,false,false,true,true,true,false,false,2452037596,3571899180,7547039863,1667890120,2093995030,5319260083,8351741769,5618946795,1944234941,4835715158
6,88,66,46,25,95,10,84,3,9,35,24,11,85,53,17,44,39,72,76,cat_0,cat_2,cat_3,cat_3,cat_2,cat_3,cat_1,cat_3,cat_0,cat_1,cat_1,cat_2,cat_2,cat_2,cat_1,cat_0,cat_0,cat_2,cat_1,cat_2,true,false,false,true,true,false,true,false,false,false,6953722326,1578655205,5394971916,2836055948,8929824191,6308433735,3502052643,5091662964,4281238663,1078608216
8,17,80,77,98,49,31,100,36,58,23,21,32,30,47,78,96,13,74,22,cat_1,cat_2,cat_1,cat_1,cat_2,cat_3,cat_2,cat_2,cat_2,cat_3,cat_1,cat_1,cat_3,cat_1,cat_3,cat_2,cat_1,cat_3,cat_2,cat_0,false,true,true,true,false,false,false,true,true,false,4873679611,9774038782,6965271933,6348725315,4253978290,3876139446,9463399069,7789803026,6939412621,7223877485
61,10,21,29,77,47,41,17,25,46,3,42,1,46,38,69,26,26,66,21,cat_2,cat_2,cat_0,cat_2,cat_1,cat_2,cat_1,cat_2,cat_3,cat_1,cat_0,cat_3,cat_3,cat_1,cat_3,cat_0,cat_0,cat_3,cat_3,cat_3,false,false,false,false,false,false,false,false,false,true,1157780819,5044604754,4431887206,5144842998,8878156991,1654388142,3314932815,5824715263,4546050127,8574106648
4,76,37,22,3,88,74,65,36,57,61,39,25,77,83,4,36,95,93,33,cat_1,cat_2,cat_1,cat_2,cat_2,cat_1,cat_2,cat_2,cat_2,cat_3,cat_1,cat_0,cat_0,cat_0,cat_3,cat_3,cat_3,cat_0,cat_2,cat_1,true,false,true,true,false,true,false,true,false,false,1205423700,7779767617,6510227332,9471329450,8601024173,3372310954,2877548913,5829943484,5036655611,8949787031
91,99,23,87,82,45,60,60,88,38,51,29,98,50,56,53,68,54,53,50,cat_2,cat_3,cat_2,cat_0,cat_2,cat_3,cat_3,cat_1,cat_0,cat_1,cat_3,cat_3,cat_1,cat_3,cat_1,cat_3,cat_1,cat_0,cat_1,cat_1,false,false,false,false,true,true,false,false,true,true,1127026311,2910542997,7134408317,6944938471,3886175007,5517386432,1201844157,7917864342,9270186071,1889922024
11,4,9,96,52,36,8,15,68,3,98,35,59,32,90,78,5,6,82,65,cat_1,cat_3,cat_0,cat_1,cat_3,cat_2,cat_1,cat_2,cat_1,cat_0,cat_1,cat_1,cat_1,cat_2,cat_2,cat_2,cat_2,cat_1,cat_1,cat_1,false,true,true,false,false,false,false,true,false,false,9361709608,8504217485,5078972389,8841414020,7359152640,3674810037,5572937229,3016266441,1081079388,8141456411
65,91,87,67,93,78,61,53,46,38,91,82,74,4,71,84,97,47,1,30,cat_0,cat_2,cat_3,cat_2,cat_3,cat_3,cat_2,cat_2,cat_2,cat_1,cat_2,cat_0,cat_1,cat_0,cat_0,cat_0,cat_2,cat_0,cat_2,cat_3,true,true,true,true,true,false,false,true,true,true,7269794498,2411284838,2531597011,7828344809,7771317819,2026236919,8214877138,2106814320,1690455208,2752863105
64,10,17,50,13,20,80,83,65,99,48,72,35,97,51,73,39,39,66,28,cat_0,cat_0,cat_0,cat_3,cat_3,cat_2,cat_0,cat_2,cat_2,cat_1,cat_1,cat_2,cat_3,cat_3,cat_0,cat_2,cat_3,cat_2,cat_1,cat_3,true,false,true,false,false,false,false,false,true,true,9023582947,9669006688,9565484963,6403790535,8072013533,6813687755,1537957237,7609856360,9821243077,6403920010
62,94,70,76,77,29,50,48,96,68,90,46,81,41,42,89,22,4,23,2,cat_1,cat_0,cat_2,cat_0,cat_0,cat_2,cat_1,cat_3,cat_3,cat_1,cat_0,cat_2,cat_3,cat_3,cat_3,cat_2,cat_2,cat_0,cat_0,cat_0,false,true,false,true,true,true,true,true,false,true,6781144917,8021228092,6741841279,4150472725,6477275869,1799394307,6123758857,5507810384,9278083407,7170868746
40,43,13,69,98,46,0,89,68,35,63,79,51,30,55,13,78,52,36,13,cat_3,cat_0,cat_0,cat_0,cat_1,cat_3,cat_0,cat_3,cat_0,cat_3,cat_0,cat_1,cat_0,cat_3,cat_0,cat_0,cat_1,cat_2,cat_3,cat_3,false,false,false,true,false,true,true,true,true,false,1090647501,5776957730,2122302542,6274828858,1817963634,9713670433,2569551465,2679806944,3247610059,4023834686
20,26,52,54,51,94,48,59,54,99,66,47,18,30,71,53,63,29,8,8,cat_2,cat_1,cat_0,cat_3,cat_3,cat_1,cat_0,cat_1,cat_2,cat_3,cat_0,cat_3,cat_1,cat_3,cat_3,cat_0,cat_0,cat_0,cat_1,cat_3,true,true,true,false,true,false,true,true,true,false,7272281484,2240229077,6330684064,2021804291,4121734855,4306980443,7660261880,6617185534,5283102936,1111372274
40,8,99,76,61,0,2,37,48,95,8,74,3,54,22,44,64,38,77,72,cat_2,cat_0,cat_3,cat_1,cat_2,cat_3,cat_2,cat_1,cat_0,cat_0,cat_1,cat_2,cat_1,cat_0,cat_1,cat_3,cat_1,cat_0,cat_2,cat_2,true,true,true,false,true,true,false,false,false,true,3001602809,1927398296,6467617237,1652940068,4920561860,8283795734,3765886509,7023202347,1139433975,9207829630
9,25,45,22,61,31,38,30,69,86,39,54,12,42,35,41,7,49,3,21,cat_1,cat_3,cat_1,cat_1,cat_2,cat_1,cat_3,cat_2,cat_0,cat_1,cat_0,cat_0,cat_3,cat_2,cat_1,cat_3,cat_3,cat_1,cat_0,cat_1,true,false,true,false,false,true,false,false,false,false,8429682829,7413006445,7643341539,7805697715,4353390551,2068967380,8943801693,4886258250,9940560711,2135734192
44,55,56,80,48,83,57,5,87,36,51,22,15,57,28,82,28,13,53,33,cat_3,cat_3,cat_0,cat_3,cat_1,cat_2,cat_0,cat_3,cat_1,cat_0,cat_2,cat_2,cat_1,cat_3,cat_1,cat_2,cat_1,cat_1,cat_1,cat_2,true,true,false,false,true,false,false,false,true,false,7914204700,5688674212,6954614911,4900546856,4324619398,2904542316,2927291747,9263434051,1837120852,6281675888
49,89,58,38,64,20,71,62,40,34,41,73,64,42,56,29,17,90,35,82,cat_3,cat_1,cat_2,cat_3,cat_2,cat_1,cat_0,cat_0,cat_2,cat_2,cat_2,cat_0,cat_0,cat_1,cat_3,cat_2,cat_0,cat_2,cat_0,cat_0,true,false,true,true,false,false,true,false,false,true,5081638468,8234733701,4344049191,2944810893,6806853272,1782114625,9108338241,2225391731,5793709404,4781891360
82,96,35,56,64,62,17,11,93,55,70,33,50,35,6,24,64,46,79,56,cat_0,cat_1,cat_2,cat_3,cat_0,cat_3,cat_0,cat_3,cat_1,cat_0,cat_1,cat_1,cat_0,cat_1,cat_2,cat_3,cat_2,cat_1,cat_2,cat_2,false,false,true,true,false,true,false,true,false,true,1992794808,5791443113,7335288132,1686558453,3396895227,9097447397,3216973625,6926508425,4455376997,4771300262
49,28,32,47,71,33,85,33,29,43,9,90,92,52,92,75,11,6,46,19,cat_0,cat_2,cat_3,cat_3,cat_1,cat_2,cat_0,cat_2,cat_1,cat_2,cat_1,cat_1,cat_2,cat_0,cat_0,cat_2,cat_0,cat_1,cat_3,cat_0,true,true,true,true,false,false,true,false,true,true,1503071942,3415249966,2446956326,4077183803,8624914542,6971583464,4371215904,4352039735,8396892810,1877025955
75,62,57,7,55,24,51,9,92,10,16,83,68,20,69,12,60,40,75,39,cat_0,cat_0,cat_2,cat_2,cat_3,cat_2,cat_1,cat_3,cat_1,cat_1,cat_1,cat_3,cat_1,cat_2,cat_3,cat_1,cat_1,cat_2,cat_1,cat_2,true,false,false,false,false,false,false,false,true,true,6862806129,5948481220,7218252160,3253303459,3698865207,8776786309,2505944681,4665066235,1105759802,7421533717
38,40,36,10,78,17,31,30,57,57,60,85,62,5,21,100,69,72,62,98,cat_1,cat_2,cat_1,cat_1,cat_3,cat_2,cat_0,cat_1,cat_2,cat_0,cat_2,cat_1,cat_3,cat_1,cat_1,cat_1,cat_3,cat_0,cat_2,cat_3,true,false,false,false,false,false,true,false,false,false,7517743624,4955408600,6013832595,9910120045,4553736280,4208092787,4848395457,5420499667,2572338354,9771396068
46,13,67,100,25,72,19,95,51,24,87,87,99,69,78,71,56,17,100,11,cat_3,cat_1,cat_2,cat_0,cat_1,cat_3,cat_0,cat_3,cat_3,cat_2,cat_0,cat_3,cat_1,cat_1,cat_0,cat_0,cat_1,cat_1,cat_2,cat_3,false,true,true,false,false,false,true,false,true,false,2039170340,1710851444,6198206106,6452795104,9632272182,5843178650,9056368702,4294696105,8826855833,4281684169
33,100,19,68,60,60,55,48,82,57,98,28,55,37,75,52,47,43,17,67,cat_0,cat_3,cat_1,cat_1,cat_2,cat_0,cat_2,cat_1,cat_3,cat_3,cat_2,cat_0,cat_3,cat_1,cat_2,cat_1,cat_3,cat_0,cat_0,cat_1,false,false,true,false,true,false,true,false,false,false,1852534315,6151683494,9781299381,7211779848,1830531223,5447713702,2173603813,9722703609,2402530413,8704581626
24,5,73,58,50,97,96,2,24,1,7,92,14,92,19,11,21,1,46,56,cat_2,cat_0,cat_3,cat_1,cat_3,cat_1,cat_0,cat_2,cat_2,cat_1,cat_0,cat_3,cat_3,cat_3,cat_1,cat_1,cat_2,cat_3,cat_1,cat_0,false,true,false,true,true,false,false,false,false,false,3749570631,6195043618,4110918475,4976078524,3783901353,5841843267,3653095979,1352175505,5310678891,9068032441
42,52,40,62,7,67,64,95,45,12,37,2,58,82,66,70,99,16,40,6,cat_0,cat_2,cat_1,cat_0,cat_1,cat_2,cat_1,cat_0,cat_3,cat_3,cat_0,cat_0,cat_2,cat_1,cat_0,cat_0,cat_0,cat_0,cat_1,cat_1,false,true,true,true,true,false,false,true,true,true,4447966743,9670889270,7820488972,7226410633,1215640424,9066760215,1346393912,4627684881,9900950158,9855454017
54,9,17,2,82,75,12,56,97,53,2,54,100,72,35,91,89,42,78,82,cat_3,cat_0,cat_0,cat_3,cat_2,cat_2,cat_1,cat_2,cat_0,cat_3,cat_0,cat_0,cat_3,cat_0,cat_2,cat_0,cat_3,cat_3,cat_3,cat_0,true,true,false,true,true,false,false,true,true,false,9543210072,4331757344,6273767242,4886528657,4159093262,5572646283,6489153563,3875930862,6398121255,5999521384
15,25,66,74,71,56,8,17,89,44,51,3,8,56,85,71,94,12,76,36,cat_3,cat_1,cat_2,cat_1,cat_1,cat_2,cat_3,cat_3,cat_0,cat_1,cat_2,cat_1,cat_3,cat_2,cat_0,cat_3,cat_0,cat_2,cat_2,cat_2,false,false,true,false,true,true,true,true,false,true,4985135675,9969823248,2179599160,7537506222,6314090519,2487018804,4726616879,5388399860,9834930162,1866659793
16,90,4,22,91,21,9,49,84,29,96,9,93,94,51,16,42,42,45,86,cat_1,cat_1,cat_2,cat_2,cat_3,cat_0,cat_1,cat_0,cat_3,cat_3,cat_3,cat_3,cat_3,cat_0,cat_3,cat_3,cat_2,cat_3,cat_2,cat_3,false,true,false,false,false,false,true,false,true,true,3719737274,9870060053,1871537333,1202368199,6271349908,1225899471,8966063384,9364044908,6272531385,8391401266
71,20,52,34,20,96,14,85,19,64,39,2,83,31,37,21,54,97,50,1,cat_2,cat_3,cat_2,cat_3,cat_1,cat_2,cat_0,cat_2,cat_3,cat_2,cat_0,cat_1,cat_3,cat_0,cat_2,cat_0,cat_0,cat_2,cat_3,cat_1,true,false,false,true,true,true,false,true,true,false,1294780211,5630161408,3378803095,6680196341,2277515498,3177414660,2751362231,7799202945,4994860631,7447819104
0,50,62,66,2,51,31,90,44,32,47,87,29,56,24,89,23,65,100,44,cat_1,cat_2,cat_3,cat_3,cat_1,cat_3,cat_2,cat_2,cat_1,cat_3,cat_3,cat_3,cat_1,cat_2,cat_2,cat_3,cat_2,cat_3,cat_3,cat_3,false,false,true,true,false,false,true,true,true,false,4264686867,3530688339,2441061600,3714030761,4876234420,3030257499,5115699014,5656452548,1475308806,8449686509
91,63,29,53,24,32,2,6,6,0,71,26,11,92,5,88,42,26,56,6,cat_2,cat_3,cat_2,cat_1,cat_0,cat_2,cat_3,cat_2,cat_2,cat_3,cat_3,cat_1,cat_2,cat_3,cat_1,cat_3,cat_1,cat_1,cat_0,cat_2,true,false,false,true,false,false,false,true,true,false,1638206243,7791153846,6631939783,2924161963,1778602526,9282484966,4417347682,2096815668,6429198018,2367887127
92,60,58,87,72,48,31,14,85,100,44,37,43,84,65,39,89,80,4,41,cat_3,cat_3,cat_3,cat_2,cat_2,cat_1,cat_0,cat_2,cat_3,cat_2,cat_0,cat_3,cat_2,cat_1,cat_1,cat_3,cat_1,cat_0,cat_0,cat_2,false,false,true,true,false,true,false,false,false,true,2135125134,8473406400,2715595102,2945861177,3993721450,4217426788,8827458322,8468415579,7029886805,2240593767
48,89,74,63,87,97,88,90,38,34,35,28,2,41,22,85,31,49,66,48,cat_1,cat_3,cat_0,cat_0,cat_1,cat_0,cat_0,cat_2,cat_3,cat_1,cat_0,cat_3,cat_1,cat_3,cat_3,cat_3,cat_3,cat_3,cat_0,cat_3,true,false,true,false,true,false,false,false,false,true,8223534322,9598642038,6795488929,2136340223,7827591907,1184663434,3592444287,8613648809,3304940728,9258770422
10,8,78,28,91,73,41,63,8,95,68,73,33,16,89,6,9,16,6,55,cat_3,cat_1,cat_0,cat_0,cat_1,cat_0,cat_1,cat_3,cat_0,cat_3,cat_2,cat_2,cat_1,cat_1,cat_0,cat_0,cat_3,cat_0,cat_2,cat_1,true,true,true,false,true,true,false,false,false,true,5346483068,6675694112,1705397263,7424856739,5004532582,6187589208,4222561252,2553166111,1786271308,6072569278
72,68,34,49,12,50,40,97,32,27,53,77,63,90,48,88,82,13,56,71,cat_1,cat_0,cat_3,cat_2,cat_3,cat_2,cat_3,cat_0,cat_1,cat_2,cat_2,cat_0,cat_1,cat_2,cat_0,cat_1,cat_1,cat_3,cat_1,cat_0,false,true,true,true,true,true,true,true,false,true,9301804275,7681270628,2987609458,7950470639,5905003902,6305959772,8044499389,5050327908,2691018236,4531258198
22,54,3,64,17,11,57,60,100,52,9,28,46,20,34,91,2,8,10,75,cat_0,cat_1,cat_2,cat_1,cat_1,cat_3,cat_2,cat_3,cat_3,cat_0,cat_1,cat_3,cat_2,cat_2,cat_0,cat_1,cat_0,cat_2,cat_0,cat_0,true,false,true,false,false,false,true,true,false,true,7320304724,9478017484,8337565423,8577912726,8450705946,7496802933,6872755818,8881956745,9295322878,8950500404
5,26,40,62,50,26,70,80,59,3,61,45,40,67,34,37,9,78,34,0,cat_0,cat_3,cat_1,cat_3,cat_2,cat_2,cat_0,cat_2,cat_2,cat_3,cat_1,cat_1,cat_3,cat_1,cat_3,cat_1,cat_0,cat_3,cat_2,cat_3,false,true,true,false,false,true,true,false,false,true,3680522016,3427647924,2320353612,3189785332,7093777427,8558687705,2373757798,1444787205,1320150027,4137282961
47,83,73,44,99,48,5,54,14,40,33,11,14,78,29,29,38,97,37,50,cat_0,cat_3,cat_3,cat_3,cat_1,cat_2,cat_1,cat_1,cat_2,cat_1,cat_1,cat_3,cat_3,cat_2,cat_0,cat_3,cat_2,cat_3,cat_0,cat_0,true,true,true,false,true,true,false,true,true,true,3759916262,2721516836,2228491913,5991692634,5679128839,4304906211,3837386991,5932518531,2327977530,7195359985
58,62,76,51,65,83,52,42,14,97,82,63,81,85,93,15,70,89,43,57,cat_1,cat_1,cat_0,cat_3,cat_1,cat_2,cat_0,cat_3,cat_1,cat_1,cat_3,cat_3,cat_3,cat_1,cat_2,cat_0,cat_2,cat_1,cat_1,cat_3,false,true,true,true,false,true,false,false,false,true,2263507735,2596242393,1201328622,1031890833,5892064147,5620264173,1586721375,2161532490,4868342733,8560949089
77,38,70,79,14,13,28,4,88,58,35,2,16,44,10,71,37,32,72,22,cat_2,cat_1,cat_2,cat_0,cat_0,cat_1,cat_1,cat_1,cat_1,cat_1,cat_1,cat_3,cat_0,cat_0,cat_2,cat_0,cat_0,cat_1,cat_0,cat_0,false,true,false,false,true,false,false,true,true,false,5854845246,1129429512,6691088493,1498701831,8969786738,8511279061,2650607532,5323282018,3128198765,3146315723
83,2,14,61,15,26,9,76,100,33,31,7,65,83,23,84,0,77,79,44,cat_3,cat_1,cat_0,cat_2,cat_1,cat_1,cat_0,cat_1,cat_1,cat_0,cat_1,cat_2,cat_3,cat_2,cat_3,cat_2,cat_2,cat_1,cat_3,cat_1,true,true,true,false,true,true,false,true,true,false,8751392208,7360298508,3462419411,9016389879,5585727858,2999765275,8611521014,1017923031,9484601041,9733757371
100,59,62,97,13,96,43,39,27,12,99,1,75,97,71,28,75,46,83,76,cat_2,cat_0,cat_3,cat_3,cat_3,cat_1,cat_3,cat_3,cat_0,cat_3,cat_3,cat_2,cat_0,cat_2,cat_1,cat_3,cat_2,cat_3,cat_1,cat_1,true,false,false,false,true,true,false,false,true,false,9965248993,4644634522,5012308144,6780782217,7896258097,2233283508,2999951338,3689478974,1406397060,4722958936
69,58,16,22,76,84,14,15,18,81,0,40,95,35,46,59,0,82,71,3,cat_0,cat_3,cat_3,cat_0,cat_1,cat_0,cat_3,cat_0,cat_1,cat_1,cat_1,cat_2,cat_2,cat_1,cat_2,cat_2,cat_0,cat_0,cat_3,cat_0,false,true,true,true,true,true,true,true,false,false,5750527596,3010090399,3461699911,9817673250,3776949666,9707993237,8068027310,7191891012,9967463529,4633246811
48,96,35,14,27,73,60,1,80,96,97,17,60,30,48,38,48,68,10,91,cat_2,cat_1,cat_0,cat_3,cat_2,cat_3,cat_1,cat_1,cat_2,cat_1,cat_0,cat_2,cat_1,cat_2,cat_3,cat_1,cat_3,cat_2,cat_1,cat_3,false,false,true,false,false,true,true,false,true,false,8442027195,3336042071,4619536465,5058630838,9932221943,3579925629,3310555970,6883230844,1302814672,7576434335
81,88,100,91,37,46,83,77,78,72,39,94,62,70,26,61,21,30,13,24,cat_0,cat_0,cat_3,cat_2,cat_2,cat_2,cat_0,cat_1,cat_1,cat_2,cat_3,cat_3,cat_0,cat_2,cat_2,cat_1,cat_3,cat_1,cat_3,cat_3,false,true,true,false,true,true,false,true,false,false,8363872494,9699680032,1909494847,6622897324,2767587716,5429816898,3417588189,6427370418,9859986543,4662461554
5,51,90,53,70,45,89,34,43,28,65,43,65,21,20,35,8,10,52,5,cat_0,cat_1,cat_1,cat_3,cat_0,cat_2,cat_2,cat_2,cat_2,cat_2,cat_0,cat_2,cat_3,cat_0,cat_0,cat_1,cat_0,cat_2,cat_0,cat_1,false,false,true,true,true,true,true,true,true,false,4275799671,6793615347,6599997944,1102145243,3433294749,3856326753,4097658058,2667127236,8796620504,6729156982
79,56,96,43,16,33,31,80,24,32,72,19,45,0,92,34,13,33,3,69,cat_1,cat_2,cat_0,cat_2,cat_3,cat_0,cat_2,cat_1,cat_2,cat_1,cat_1,cat_0,cat_3,cat_3,cat_1,cat_0,cat_3,cat_0,cat_0,cat_2,false,true,true,false,false,false,false,true,true,false,8751722718,8757812578,1225229633,7101197853,2786570818,3897396111,5266299648,7529839075,1412970252,4241529053
55,23,34,93,54,38,48,75,27,69,40,29,64,41,78,78,46,2,15,1,cat_2,cat_3,cat_2,cat_1,cat_2,cat_2,cat_3,cat_0,cat_3,cat_1,cat_1,cat_3,cat_1,cat_3,cat_0,cat_0,cat_2,cat_0,cat_2,cat_0,true,true,true,false,true,false,false,false,true,true,8181753947,1283356242,4962019878,1163488947,7740148272,4945892919,1962013422,4378280832,1742253447,1481942052
6,58,13,18,55,89,22,45,92,36,86,70,99,31,27,24,89,38,6,13,cat_3,cat_2,cat_0,cat_1,cat_2,cat_3,cat_0,cat_3,cat_2,cat_3,cat_1,cat_2,cat_2,cat_3,cat_1,cat_2,cat_3,cat_0,cat_3,cat_0,true,true,false,false,true,false,false,false,true,true,2255072117,4129863017,7389771411,6817048933,2339178928,3018020776,9819946131,8502268216,2798216952,4019182664
47,4,55,74,18,84,40,35,3,3,69,80,32,80,19,83,3,74,7,29,cat_1,cat_0,cat_1,cat_3,cat_3,cat_1,cat_0,cat_1,cat_1,cat_1,cat_1,cat_2,cat_2,cat_0,cat_0,cat_1,cat_3,cat_2,cat_0,cat_2,false,true,false,false,true,false,true,false,true,false,1260303877,7838129556,8118791807,2197788132,8534876381,1517224217,8698908937,3749287382,4525648360,5295705316
80,92,85,41,20,82,21,31,81,66,16,47,91,23,66,70,80,25,42,91,cat_2,cat_1,cat_1,cat_0,cat_1,cat_1,cat_0,cat_1,cat_2,cat_0,cat_2,cat_2,cat_1,cat_1,cat_1,cat_1,cat_3,cat_2,cat_2,cat_3,false,true,false,false,false,false,false,true,false,true,8812100264,2867707054,3621364341,5778276044,3907488128,6596622271,1664474206,3699196970,2744752395,7887564194
63,32,9,13,27,48,45,87,35,15,38,16,68,25,25,92,16,71,33,17,cat_2,cat_0,cat_0,cat_1,cat_1,cat_1,cat_2,cat_1,cat_2,cat_0,cat_2,cat_1,cat_0,cat_2,cat_2,cat_2,cat_0,cat_0,cat_2,cat_3,false,true,true,true,false,false,false,false,false,true,7706056754,5254421149,4552712648,5680714867,4944721791,3275180540,1011436130,2510392933,5442676916,3643844499
97,46,47,44,88,82,47,12,39,44,25,19,43,21,14,26,46,15,18,97,cat_0,cat_3,cat_2,cat_3,cat_3,cat_0,cat_1,cat_1,cat_2,cat_0,cat_0,cat_3,cat_2,cat_2,cat_1,cat_1,cat_2,cat_2,cat_0,cat_2,false,false,false,true,false,false,false,false,false,true,9277870827,8637427453,3350600794,5954207228,9364670616,7834738980,2645782682,1082072784,8033748308,9225814315
89,47,4,67,80,71,71,71,75,87,17,17,81,40,72,9,46,92,9,50,cat_0,cat_0,cat_1,cat_2,cat_2,cat_1,cat_3,cat_2,cat_3,cat_0,cat_0,cat_2,cat_2,cat_3,cat_2,cat_1,cat_0,cat_0,cat_2,cat_3,false,true,true,true,true,true,true,false,true,true,9964961898,9812990031,9780095039,1998274391,2670163514,1509692774,7137778017,4399385630,2955408017,1067989166
40,57,65,18,54,99,42,45,26,19,82,87,19,5,82,36,43,52,75,75,cat_3,cat_0,cat_2,cat_0,cat_2,cat_3,cat_3,cat_3,cat_1,cat_3,cat_2,cat_2,cat_1,cat_3,cat_1,cat_2,cat_3,cat_2,cat_3,cat_2,false,true,true,false,true,false,true,true,false,false,5243551492,9086587877,5614306144,8695500622,8654175693,2855289240,2727800287,8097975074,1678278231,7780577965
53,67,62,38,63,55,12,66,2,47,48,98,26,21,6,34,73,46,49,48,cat_2,cat_3,cat_0,cat_3,cat_1,cat_1,cat_3,cat_0,cat_2,cat_3,cat_2,cat_1,cat_1,cat_2,cat_2,cat_3,cat_1,cat_1,cat_3,cat_2,true,true,false,true,false,false,false,true,true,false,6382982689,2574047870,7094267767,7595771591,3190906615,3998054720,1157336346,8987559919,8990182694,5326768039
88,46,96,61,40,19,22,90,49,3,67,74,72,66,93,42,75,100,63,22,cat_0,cat_0,cat_1,cat_0,cat_3,cat_0,cat_2,cat_0,cat_0,cat_1,cat_3,cat_3,cat_2,cat_0,cat_0,cat_3,cat_1,cat_2,cat_1,cat_3,false,false,false,true,false,true,false,true,false,false,1675506573,9769184153,3595247959,3453444883,1866886405,5463007133,3081396533,2897280853,1238106995,5440481699
53,76,82,80,80,82,56,75,19,36,66,35,92,72,10,14,44,54,70,56,cat_1,cat_3,cat_3,cat_3,cat_1,cat_3,cat_3,cat_3,cat_0,cat_1,cat_3,cat_0,cat_1,cat_2,cat_1,cat_3,cat_1,cat_0,cat_3,cat_3,true,false,true,true,false,true,false,false,true,false,3324672960,6136867896,7181600280,8901934673,9069119950,8097321283,2545786610,7984674146,5020238274,2996994847
58,51,57,69,56,44,10,9,5,87,77,32,36,8,55,4,16,12,62,87,cat_1,cat_2,cat_2,cat_1,cat_1,cat_0,cat_2,cat_2,cat_0,cat_2,cat_1,cat_1,cat_2,cat_3,cat_2,cat_1,cat_0,cat_1,cat_1,cat_3,true,false,false,true,true,false,false,false,true,true,4578331017,2483372423,7773645084,5255893040,9578941024,8784849167,1828585056,4245343660,2576589274,7273286989
2,28,24,19,65,66,43,60,83,23,7,80,36,1,40,99,47,88,8,38,cat_1,cat_2,cat_2,cat_2,cat_2,cat_3,cat_1,cat_3,cat_0,cat_1,cat_3,cat_1,cat_2,cat_0,cat_2,cat_2,cat_2,cat_2,cat_3,cat_1,true,true,true,false,true,true,true,true,true,false,1892774048,3274936374,6855870465,6404229176,7663269579,7649659798,6074358697,2111914123,7305915120,6275984317
31,0,39,57,3,9,22,32,39,23,32,68,75,23,16,83,11,78,85,30,cat_0,cat_3,cat_3,cat_0,cat_2,cat_3,cat_0,cat_1,cat_3,cat_3,cat_2,cat_2,cat_1,cat_1,cat_1,cat_1,cat_2,cat_1,cat_1,cat_3,false,false,false,true,true,true,true,false,true,true,7341784478,5614400967,7585691298,5657599316,9358293718,9566064986,1942792997,3780896057,3994935734,4112487094
27,26,44,47,32,36,44,70,42,82,1,36,16,48,1,10,55,64,53,44,cat_3,cat_1,cat_1,cat_1,cat_1,cat_2,cat_0,cat_3,cat_0,cat_2,cat_0,cat_3,cat_3,cat_0,cat_2,cat_3,cat_0,cat_2,cat_2,cat_2,true,true,true,false,false,true,true,false,false,true,1775211140,6492267728,2361002125,7031030805,8272689626,2559159518,2516584510,3740013151,7940518445,7517360908
68,33,23,63,70,41,28,9,43,24,88,93,71,24,82,0,31,90,25,40,cat_1,cat_3,cat_2,cat_2,cat_1,cat_1,cat_2,cat_2,cat_1,cat_0,cat_2,cat_1,cat_3,cat_0,cat_0,cat_2,cat_1,cat_0,cat_0,cat_0,true,true,true,false,false,true,true,true,true,false,6763009052,3964724505,3107815389,2625638873,1409993691,4040640090,8850417756,8953393473,3402082891,8943901800
34,100,83,5,2,77,11,48,22,3,93,89,28,95,57,28,63,100,71,26,cat_1,cat_1,cat_2,cat_3,cat_3,cat_1,cat_2,cat_2,cat_1,cat_1,cat_3,cat_1,cat_1,cat_0,cat_0,cat_3,cat_3,cat_0,cat_3,cat_2,false,true,false,false,true,false,true,true,false,true,6913290454,4607787301,4510731756,9067973712,5801004516,9636188181,7383152332,6801031674,1291811164,6031409099
88,47,49,74,75,97,16,68,95,95,87,91,18,40,53,79,56,64,31,54,cat_1,cat_1,cat_3,cat_1,cat_0,cat_1,cat_0,cat_0,cat_1,cat_1,cat_1,cat_2,cat_1,cat_1,cat_1,cat_0,cat_3,cat_1,cat_1,cat_2,true,true,true,true,false,true,false,false,true,false,7948578186,5268748835,2651510527,9476221388,4003783671,2174086389,6079897585,8196834996,1478945306,9860178674
75,18,50,44,43,35,60,80,56,75,59,1,98,60,53,35,43,29,49,83,cat_2,cat_2,cat_3,cat_1,cat_2,cat_1,cat_3,cat_2,cat_1,cat_1,cat_2,cat_3,cat_1,cat_0,cat_1,cat_2,cat_3,cat_0,cat_0,cat_0,true,true,false,true,true,false,false,true,false,true,9168465090,2739788512,8695034771,7301689875,9746727028,9578845019,6192943170,3908358552,1504597903,2788171344
9,58,40,81,40,93,70,56,47,48,98,24,27,1,37,36,53,0,20,83,cat_2,cat_1,cat_2,cat_1,cat_1,cat_3,cat_1,cat_1,cat_0,cat_2,cat_2,cat_2,cat_0,cat_0,cat_2,cat_1,cat_0,cat_0,cat_2,cat_2,false,true,false,true,false,false,true,true,false,true,3980832618,4713135895,4820930651,2085636880,1446688508,3807532318,4108889681,3460511681,8022618547,7712255203
54,68,6,25,70,24,38,84,64,88,42,34,48,65,61,82,50,57,5,83,cat_1,cat_0,cat_2,cat_2,cat_3,cat_0,cat_0,cat_2,cat_2,cat_0,cat_1,cat_1,cat_2,cat_1,cat_3,cat_1,cat_2,cat_2,cat_0,cat_0,true,true,true,true,false,true,false,true,true,false,6758260076,9592620106,4725413011,2761936722,6739276851,1797230979,5699205372,6408259201,1382018500,5288951278
28,24,34,79,49,24,79,11,33,89,48,23,11,4,31,12,64,97,34,45,cat_1,cat_3,cat_0,cat_1,cat_2,cat_0,cat_2,cat_3,cat_2,cat_2,cat_1,cat_2,cat_0,cat_2,cat_1,cat_3,cat_3,cat_2,cat_3,cat_0,false,false,true,false,true,false,true,false,false,true,4868814991,2748940606,1494428692,1038130449,8800080919,9612882532,8344125486,8874814914,1886360009,5197100198
54,20,27,11,27,93,59,0,87,5,35,42,54,83,18,2,92,11,76,27,cat_3,cat_0,cat_1,cat_3,cat_3,cat_2,cat_2,cat_3,cat_2,cat_2,cat_0,cat_3,cat_0,cat_0,cat_0,cat_1,cat_3,cat_2,cat_2,cat_1,true,false,false,false,true,false,false,true,true,false,8360309410,6086453683,5946109611,7598364246,3911425808,5596854321,5464408815,6740808368,4825001340,5449136338
16,26,4,89,15,88,66,39,86,68,88,37,53,6,1,51,87,58,79,93,cat_3,cat_1,cat_0,cat_2,cat_3,cat_3,cat_2,cat_3,cat_3,cat_1,cat_0,cat_0,cat_1,cat_0,cat_2,cat_0,cat_3,cat_3,cat_3,cat_1,true,true,true,true,true,true,true,false,true,false,6543935641,9211207912,4852202091,2982979958,9030826656,4465738815,6205322955,5550894146,6801145397,8164309700
3,2,40,97,36,50,37,41,28,85,47,0,84,57,83,97,31,46,15,59,cat_1,cat_2,cat_2,cat_0,cat_0,cat_0,cat_2,cat_2,cat_0,cat_0,cat_0,cat_1,cat_1,cat_1,cat_3,cat_2,cat_1,cat_2,cat_3,cat_2,true,false,false,true,false,false,false,true,false,false,1000479525,1490731127,1815505825,1717453895,3453284089,7117537420,8758461395,2008857323,7877008370,5184402130
41,21,40,70,25,83,64,42,81,10,51,81,62,56,64,58,53,25,83,86,cat_2,cat_0,cat_3,cat_0,cat_1,cat_3,cat_0,cat_1,cat_3,cat_2,cat_2,cat_3,cat_1,cat_1,cat_3,cat_2,cat_3,cat_0,cat_1,cat_3,true,false,true,true,false,true,false,true,false,false,2161377088,1112169467,2000130869,3632614327,4668986996,4386907205,3702729037,9975735545,3366973324,4218199297
47,74,78,75,10,27,12,80,23,42,53,91,82,62,47,47,61,47,33,66,cat_2,cat_1,cat_2,cat_2,cat_0,cat_0,cat_0,cat_1,cat_2,cat_2,cat_3,cat_1,cat_2,cat_2,cat_2,cat_1,cat_2,cat_0,cat_0,cat_1,false,true,true,false,true,true,false,true,true,false,7435844285,8375160676,5368112113,8193004243,8477239568,9093434990,2198557624,9625623176,4115473956,3355282168
71,51,50,38,26,83,50,40,33,72,78,27,92,33,6,17,94,6,100,26,cat_0,cat_2,cat_1,cat_1,cat_1,cat_2,cat_2,cat_0,cat_0,cat_3,cat_3,cat_0,cat_1,cat_3,cat_1,cat_0,cat_3,cat_3,cat_1,cat_2,true,false,false,false,true,true,true,true,true,true,3901479620,4204794493,8300160155,3934864920,5265707421,5137007234,9466686351,1901190578,5852102544,8780611460
33,64,71,74,49,92,8,51,15,81,78,13,29,45,90,57,48,1,40,89,cat_0,cat_3,cat_2,cat_3,cat_2,cat_1,cat_2,cat_1,cat_1,cat_3,cat_0,cat_0,cat_1,cat_2,cat_3,cat_0,cat_3,cat_2,cat_3,cat_0,true,true,true,true,true,false,false,true,false,true,6328384773,9646665006,2303422715,6366804909,7045319755,3004294037,6434216297,4982196714,1049180277,3142795915
15,21,36,86,31,27,24,76,22,83,53,16,66,82,98,41,99,76,62,22,cat_1,cat_1,cat_0,cat_1,cat_1,cat_0,cat_3,cat_0,cat_1,cat_2,cat_0,cat_3,cat_3,cat_2,cat_3,cat_0,cat_0,cat_1,cat_1,cat_3,false,true,false,false,false,false,true,false,true,false,2321917674,4256725480,8404326922,5681293462,2781623634,3203953910,6881178260,2118482089,2087054764,3350264533
59,81,4,36,28,66,13,95,63,14,57,54,32,48,75,85,61,34,57,95,cat_2,cat_3,cat_0,cat_2,cat_3,cat_3,cat_0,cat_2,cat_3,cat_1,cat_3,cat_2,cat_3,cat_1,cat_0,cat_2,cat_0,cat_0,cat_2,cat_3,true,true,true,false,false,true,true,false,false,true,3522086821,7053714666,8305140921,3155046848,8124486869,5866420599,6915103050,6344334927,9164464566,8922924959
88,3,16,69,42,29,9,17,45,5,43,90,73,61,87,89,100,70,51,8,cat_1,cat_2,cat_3,cat_2,cat_1,cat_3,cat_0,cat_3,cat_3,cat_1,cat_2,cat_1,cat_2,cat_3,cat_1,cat_0,cat_3,cat_3,cat_1,cat_0,false,false,false,false,true,false,false,true,true,true,8521649498,4951324247,1084786353,3353874197,2186424347,6440343372,1901301818,4991313302,2154181693,2353997037
15,17,53,41,29,47,72,38,90,4,52,58,42,18,37,40,70,60,100,47,cat_1,cat_0,cat_1,cat_0,cat_0,cat_0,cat_1,cat_2,cat_2,cat_1,cat_1,cat_3,cat_2,cat_0,cat_1,cat_1,cat_0,cat_3,cat_0,cat_2,false,false,true,true,true,false,true,true,false,false,1410778758,7205308361,3792192720,8545576024,6180277260,8170054739,4833941517,8557073191,8634168612,6320581404
93,14,32,52,94,75,30,46,72,41,28,55,28,27,79,59,96,18,66,55,cat_1,cat_2,cat_3,cat_0,cat_0,cat_1,cat_2,cat_1,cat_2,cat_2,cat_1,cat_1,cat_2,cat_1,cat_3,cat_3,cat_3,cat_1,cat_3,cat_1,true,true,true,false,true,true,false,true,false,true,7056629551,7661467377,3992741410,4676348485,9014734917,1025704281,3715825239,6164562352,4338840463,9398615523
84,77,52,95,11,33,32,35,85,34,12,4,20,68,35,51,62,82,60,92,cat_1,cat_2,cat_3,cat_3,cat_0,cat_2,cat_0,cat_3,cat_3,cat_0,cat_0,cat_0,cat_0,cat_1,cat_3,cat_2,cat_0,cat_3,cat_3,cat_1,true,false,true,false,false,true,true,false,true,true,2617074686,1357638469,7457376765,9258285411,7457074303,4206096955,2793183662,6046222794,8244649578,1573230624
67,21,10,83,42,57,40,78,84,90,84,67,66,2,39,62,42,55,31,80,cat_3,cat_1,cat_1,cat_0,cat_1,cat_0,cat_3,cat_2,cat_0,cat_3,cat_1,cat_2,cat_2,cat_2,cat_0,cat_1,cat_2,cat_3,cat_0,cat_3,true,false,true,false,false,false,false,false,true,true,8701124992,2640733364,9726040399,5253239831,6586726505,7142953865,1576503236,8247135837,8511462347,3257842138
48,56,63,37,71,31,82,31,82,92,49,54,56,68,86,91,76,41,61,70,cat_2,cat_1,cat_3,cat_0,cat_3,cat_1,cat_0,cat_0,cat_0,cat_1,cat_3,cat_1,cat_2,cat_1,cat_1,cat_3,cat_1,cat_3,cat_2,cat_0,false,true,false,false,true,true,false,true,true,false,8832154079,9370664982,2904827931,4866962585,5085569361,5114640755,5572697198,5225899293,4865187971,5366407706
85,62,29,1,38,83,25,92,47,84,23,26,92,1,0,12,45,29,68,80,cat_2,cat_0,cat_0,cat_3,cat_1,cat_2,cat_1,cat_0,cat_2,cat_0,cat_0,cat_2,cat_3,cat_2,cat_1,cat_3,cat_0,cat_1,cat_1,cat_0,false,false,false,true,true,true,false,true,false,false,5871822439,5965481588,2191087251,2922420842,5913775136,4047027482,8378055300,6769286434,4034817176,2579632818
13,23,25,54,99,96,22,67,85,61,67,45,76,6,68,47,46,61,92,55,cat_0,cat_0,cat_3,cat_2,cat_3,cat_0,cat_2,cat_0,cat_1,cat_2,cat_3,cat_3,cat_2,cat_0,cat_3,cat_3,cat_0,cat_0,cat_3,cat_0,true,false,true,false,true,false,true,true,true,true,7203303808,8480365727,7515902704,9050790697,8153532878,4240647955,3949042742,4230517866,7140057254,5913766708
93,7,94,86,27,15,21,58,96,57,98,2,72,19,95,70,97,90,45,40,cat_3,cat_3,cat_0,cat_3,cat_1,cat_0,cat_1,cat_0,cat_1,cat_3,cat_0,cat_2,cat_1,cat_0,cat_2,cat_1,cat_0,cat_0,cat_3,cat_1,false,true,true,true,false,true,true,false,true,false,7250575018,6612261257,4220842222,7835844922,4911691643,8442539669,3593576076,9794822734,2968406902,6063914535
40,2,10,71,69,95,80,14,55,11,56,97,34,49,56,42,91,2,72,45,cat_2,cat_3,cat_2,cat_3,cat_2,cat_1,cat_2,cat_3,cat_0,cat_3,cat_3,cat_3,cat_2,cat_2,cat_3,cat_2,cat_1,cat_0,cat_1,cat_1,true,true,true,false,false,true,true,false,false,true,2769442765,7157561867,8587113371,4746640774,4491420003,9337474794,4246046040,2282253882,4329144687,2324910233
72,51,89,94,26,14,93,19,56,26,82,19,90,95,5,70,62,65,77,38,cat_1,cat_2,cat_0,cat_3,cat_2,cat_0,cat_2,cat_2,cat_0,cat_0,cat_1,cat_0,cat_0,cat_1,cat_3,cat_1,cat_2,cat_2,cat_1,cat_2,true,true,false,false,true,false,true,false,false,true,1141847278,8737535376,8673791900,2135820171,9006157241,2274294009,2717585224,4109577702,1158040859,2849227585
68,57,67,97,71,65,100,65,83,90,66,38,17,22,64,22,72,52,67,11,cat_3,cat_0,cat_0,cat_3,cat_1,cat_2,cat_1,cat_2,cat_2,cat_0,cat_1,cat_2,cat_2,cat_3,cat_1,cat_0,cat_3,cat_3,cat_3,cat_0,false,false,false,true,true,false,true,false,true,false,4088079201,3358666464,9623711769,9958558356,4001974064,8405873010,4540998037,5186617569,4787785059,7396470354
13,40,14,44,93,73,73,45,95,83,29,52,100,89,74,68,20,81,47,77,cat_2,cat_3,cat_3,cat_2,cat_3,cat_3,cat_1,cat_2,cat_1,cat_3,cat_3,cat_0,cat_1,cat_2,cat_0,cat_2,cat_0,cat_2,cat_2,cat_1,false,false,true,false,true,true,false,true,false,false,5032052821,9174008428,2090315306,4326634662,5657058856,8284894726,3220077284,9002242780,7509188344,7484828160
75,52,95,54,50,2,67,72,48,34,17,99,93,12,97,13,90,54,6,32,cat_2,cat_2,cat_2,cat_0,cat_2,cat_0,cat_2,cat_1,cat_1,cat_0,cat_1,cat_1,cat_3,cat_3,cat_2,cat_2,cat_1,cat_3,cat_1,cat_3,false,false,false,true,false,true,false,false,false,true,5650384784,2955352665,8819253569,5109162441,2684504849,5826154277,3426689474,1938672998,2665182417,2399885166
91,4,80,61,0,84,14,31,85,60,68,38,99,32,43,92,94,9,52,42,cat_1,cat_2,cat_2,cat_1,cat_2,cat_3,cat_0,cat_3,cat_1,cat_0,cat_1,cat_1,cat_3,cat_3,cat_0,cat_2,cat_1,cat_0,cat_0,cat_2,false,false,false,true,false,false,false,false,true,true,5749496637,5753032902,8944850647,1685695957,8977548634,2534548371,7074163267,9960303118,6402440532,7891335745
0,90,15,47,64,74,89,47,46,57,27,38,11,3,14,17,53,36,22,16,cat_3,cat_3,cat_1,cat_3,cat_0,cat_2,cat_3,cat_2,cat_3,cat_2,cat_1,cat_1,cat_0,cat_2,cat_2,cat_3,cat_2,cat_1,cat_3,cat_2,true,false,true,true,false,false,true,false,true,false,4024975772,6640482003,7881116875,3986988443,8042104360,6489496774,5339642616,1378082228,1041047875,8505044630
60,91,80,72,82,52,19,75,43,23,19,98,37,98,29,82,42,62,3,44,cat_1,cat_1,cat_1,cat_0,cat_0,cat_2,cat_0,cat_2,cat_2,cat_1,cat_1,cat_1,cat_2,cat_2,cat_1,cat_3,cat_3,cat_0,cat_2,cat_1,false,false,false,false,true,true,true,true,false,false,7200902941,5473367888,9291141824,4496782989,4116581004,6336173759,5610414894,9188355621,1635731443,4820341286
18,6,0,23,38,4,25,10,21,38,63,97,30,77,7,61,14,32,44,83,cat_2,cat_1,cat_1,cat_3,cat_1,cat_3,cat_0,cat_2,cat_1,cat_1,cat_3,cat_2,cat_1,cat_1,cat_2,cat_2,cat_1,cat_3,cat_2,cat_0,false,false,true,false,true,true,true,false,true,true,8446870942,3506120264,1968699827,7680680495,3321709610,8618097358,8929671231,3366496991,5647585649,6574944083
30,30,36,31,30,79,43,72,4,61,15,65,78,21,74,23,55,98,53,41,cat_2,cat_0,cat_3,cat_2,cat_2,cat_2,cat_1,cat_2,cat_3,cat_1,cat_3,cat_0,cat_0,cat_3,cat_0,cat_1,cat_1,cat_1,cat_1,cat_0,true,false,false,true,true,true,true,false,false,true,2757877176,6108295427,5457718650,4321158861,8342657804,6476886967,7673905751,1032317021,5039522562,7050691602
99,51,88,37,18,69,81,81,48,87,11,32,27,9,76,85,73,4,0,37,cat_1,cat_1,cat_2,cat_1,cat_2,cat_3,cat_1,cat_0,cat_2,cat_3,cat_2,cat_0,cat_1,cat_3,cat_1,cat_3,cat_0,cat_1,cat_1,cat_3,true,true,false,false,true,false,true,false,true,true,7151688936,7656433801,9798988040,1638203902,8003768984,8949114626,5030778441,7879188024,6777409331,6223921290
49,5,8,89,96,74,41,45,60,64,62,78,29,67,34,72,67,22,83,5,cat_1,cat_0,cat_0,cat_0,cat_3,cat_1,cat_0,cat_2,cat_1,cat_3,cat_1,cat_0,cat_1,cat_0,cat_2,cat_2,cat_1,cat_1,cat_1,cat_3,false,false,true,true,true,true,true,true,true,false,6895071352,7052794819,1198157818,5246886397,6690205274,5078683763,7702305225,6733397814,2141726688,1124638466
5,50,55,24,35,39,96,26,91,92,96,70,28,86,42,64,86,83,70,73,cat_2,cat_1,cat_1,cat_0,cat_3,cat_0,cat_2,cat_2,cat_3,cat_2,cat_0,cat_0,cat_3,cat_2,cat_3,cat_0,cat_2,cat_1,cat_3,cat_2,true,false,true,false,true,false,false,true,false,true,5753097251,2243299637,2356375584,5132538653,2344401332,6579815144,3622236664,3358408605,3356568456,9816743310
67,63,34,72,74,39,30,38,96,26,48,43,1,94,34,83,97,45,13,63,cat_0,cat_2,cat_2,cat_1,cat_2,cat_2,cat_0,cat_3,cat_2,cat_0,cat_1,cat_2,cat_2,cat_0,cat_2,cat_1,cat_3,cat_1,cat_2,cat_0,true,false,true,true,false,true,false,false,false,false,5869351853,4013221176,8259573552,7053297733,8378341311,9333747713,5820874866,1124892617,5621716566,9586399376
11,3,61,49,9,79,9,94,38,18,73,66,31,70,64,18,29,69,72,26,cat_1,cat_2,cat_0,cat_3,cat_2,cat_3,cat_0,cat_0,cat_1,cat_0,cat_3,cat_3,cat_2,cat_2,cat_0,cat_0,cat_0,cat_1,cat_3,cat_3,true,true,true,false,false,false,false,true,false,true,7130392225,7013612908,4384615540,9260403544,8947292270,6826589095,7309582731,4410298128,1213407325,6032695273
72,28,59,91,32,45,85,98,49,50,0,92,2,21,62,57,71,28,32,79,cat_0,cat_1,cat_3,cat_1,cat_1,cat_2,cat_2,cat_1,cat_3,cat_0,cat_1,cat_3,cat_3,cat_2,cat_0,cat_0,cat_0,cat_3,cat_2,cat_1,false,false,true,false,true,false,true,false,true,true,1068201979,9936423321,9797983185,6476846150,8602394944,4854456808,1436601490,9866144138,5886661968,4691593237
12,30,34,14,44,16,22,24,69,58,64,77,8,38,46,86,64,50,76,47,cat_3,cat_1,cat_3,cat_0,cat_0,cat_0,cat_0,cat_0,cat_2,cat_1,cat_2,cat_0,cat_3,cat_2,cat_1,cat_2,cat_2,cat_2,cat_0,cat_2,false,true,false,false,false,true,false,false,true,true,9132424444,8977575708,7662322844,6664181682,6139888381,8929420696,5641523413,7594548926,3026673377,7884967745
84,12,37,41,26,95,51,67,87,83,35,74,96,7,35,34,85,80,92,7,cat_1,cat_3,cat_0,cat_1,cat_1,cat_0,cat_0,cat_1,cat_3,cat_0,cat_2,cat_3,cat_3,cat_2,cat_1,cat_2,cat_1,cat_0,cat_2,cat_0,true,false,false,true,true,false,true,false,false,true,5452704798,6570961178,3827810753,8580042136,7584092869,7500703045,3592027947,2174158145,2472162773,8228242432
48,49,69,70,37,67,91,19,9,66,83,63,68,63,21,2,0,59,34,98,cat_3,cat_3,cat_1,cat_2,cat_3,cat_0,cat_3,cat_1,cat_0,cat_2,cat_3,cat_3,cat_3,cat_2,cat_0,cat_3,cat_3,cat_1,cat_1,cat_3,false,true,false,false,false,true,false,true,true,true,8877818951,2511731908,3898558692,5628111012,5136836828,8827165696,1953991522,3103316274,3218214622,4727891371
22,60,71,20,19,16,1,2,21,10,66,91,88,24,73,40,37,88,86,47,cat_2,cat_2,cat_2,cat_1,cat_3,cat_1,cat_2,cat_1,cat_1,cat_2,cat_1,cat_1,cat_0,cat_1,cat_3,cat_0,cat_1,cat_2,cat_2,cat_0,true,false,true,false,true,true,false,true,true,true,4113158105,2606145236,4327430730,4563331865,7275873353,5632405790,8081938714,7144812510,1042406717,6010067733
3,24,6,40,44,32,31,10,76,72,29,38,25,33,26,45,64,77,36,99,cat_1,cat_2,cat_1,cat_3,cat_2,cat_0,cat_2,cat_2,cat_2,cat_0,cat_2,cat_2,cat_0,cat_1,cat_3,cat_3,cat_1,cat_1,cat_3,cat_1,true,true,true,false,true,true,false,true,true,false,5798029742,4447584604,3773886575,2685361774,6266252269,9063938034,3579698773,7571433741,6746169417,1539043169
43,21,22,92,27,22,35,97,57,88,60,10,93,97,82,88,69,8,95,7,cat_1,cat_1,cat_1,cat_1,cat_2,cat_0,cat_2,cat_3,cat_0,cat_2,cat_1,cat_0,cat_0,cat_1,cat_1,cat_2,cat_1,cat_1,cat_2,cat_3,true,false,true,true,false,false,true,true,false,false,4285999067,6592627006,8391010276,3410653711,6284060834,1114065969,6780430694,8389143951,7469195096,9150557194
15,42,30,62,25,60,39,96,94,34,85,8,50,5,35,94,92,51,93,55,cat_1,cat_1,cat_2,cat_1,cat_3,cat_3,cat_2,cat_3,cat_0,cat_1,cat_0,cat_0,cat_2,cat_3,cat_2,cat_0,cat_3,cat_3,cat_3,cat_1,false,false,true,false,false,true,true,true,false,true,8331988899,4379385078,7769110932,2638984648,7210500595,5194693324,4560311200,2875806726,6560909316,1964513003
3,79,62,22,80,98,6,67,98,60,18,17,32,60,96,50,79,61,9,91,cat_3,cat_2,cat_0,cat_0,cat_3,cat_1,cat_0,cat_1,cat_1,cat_1,cat_0,cat_0,cat_0,cat_2,cat_0,cat_3,cat_1,cat_3,cat_3,cat_3,true,false,true,true,false,false,false,false,true,false,5715781684,6079979511,9542903373,9126030705,7676213868,3919191556,6171054769,4606673422,8530735889,6980325307
14,14,21,69,71,96,47,93,90,58,89,100,81,32,35,50,45,8,13,61,cat_3,cat_3,cat_1,cat_2,cat_3,cat_2,cat_0,cat_3,cat_2,cat_2,cat_2,cat_2,cat_0,cat_3,cat_0,cat_2,cat_0,cat_1,cat_1,cat_3,true,false,false,false,true,false,false,true,true,true,4961941212,6007350897,4435826704,3937611259,9091404260,9622465917,1825450193,5251661735,1829511353,4194029538
86,44,18,50,100,86,58,92,70,59,54,74,75,24,29,69,58,30,43,29,cat_2,cat_1,cat_2,cat_1,cat_0,cat_1,cat_2,cat_3,cat_0,cat_3,cat_0,cat_1,cat_1,cat_2,cat_3,cat_0,cat_0,cat_3,cat_3,cat_0,true,true,true,true,true,false,false,true,false,true,7106020951,5747341959,6843260941,6849327366,7267859188,9680923075,9455761328,9705997063,8363146941,7276136537
61,15,19,59,14,49,47,71,6,13,35,41,46,82,14,93,52,42,56,85,cat_2,cat_0,cat_1,cat_2,cat_2,cat_2,cat_3,cat_1,cat_3,cat_2,cat_2,cat_3,cat_0,cat_1,cat_2,cat_2,cat_1,cat_3,cat_1,cat_0,true,false,true,false,false,true,true,true,true,false,6800990122,3509467151,7874447304,4780610695,6957881027,1318139152,2519983909,1934430823,7437788995,3422618580
89,76,90,25,58,33,42,65,9,17,40,82,33,9,16,13,39,61,86,99,cat_3,cat_1,cat_3,cat_0,cat_0,cat_3,cat_3,cat_1,cat_2,cat_3,cat_1,cat_0,cat_0,cat_0,cat_3,cat_2,cat_2,cat_1,cat_1,cat_1,true,true,false,false,false,false,true,false,false,true,7811434321,5223966329,2738772957,4628035297,2634079244,6485882290,3556148826,5912822328,2838852570,6088956653
36,6,22,52,54,67,68,50,21,100,20,95,76,47,9,29,37,94,100,63,cat_3,cat_1,cat_1,cat_1,cat_0,cat_1,cat_3,cat_2,cat_3,cat_0,cat_1,cat_3,cat_3,cat_0,cat_1,cat_1,cat_1,cat_1,cat_0,cat_3,false,false,true,true,false,true,true,false,false,true,3608935864,6136977066,2308494884,1376789444,2121434161,6622636266,9064965070,6434868930,8573526373,7339681285
74,93,88,70,32,30,38,69,97,96,32,98,20,33,3,58,67,34,29,97,cat_2,cat_0,cat_1,cat_2,cat_2,cat_1,cat_2,cat_0,cat_0,cat_1,cat_0,cat_3,cat_2,cat_1,cat_2,cat_0,cat_1,cat_3,cat_3,cat_1,true,true,false,true,true,false,false,true,false,false,7722349004,1768154157,7786587992,6925746189,7698816245,5587673459,1460981039,2938935416,9072613155,5995602025
38,37,59,73,7,20,43,77,37,71,18,27,31,57,58,6,45,76,53,6,cat_0,cat_2,cat_3,cat_0,cat_2,cat_1,cat_3,cat_0,cat_3,cat_3,cat_0,cat_3,cat_3,cat_3,cat_0,cat_3,cat_0,cat_1,cat_2,cat_3,false,false,true,true,true,true,false,false,true,true,1146064553,2691155193,7515897400,4245048145,6743705403,8296708976,2745573570,2579257276,8604359536,2243906389
11,35,86,46,68,86,99,14,28,71,2,46,52,59,6,52,27,75,75,81,cat_2,cat_2,cat_1,cat_1,cat_3,cat_0,cat_1,cat_2,cat_0,cat_2,cat_2,cat_1,cat_3,cat_2,cat_2,cat_0,cat_3,cat_2,cat_3,cat_3,false,true,false,true,false,false,false,false,false,true,4340628893,8069462131,5203669652,7425943578,4234666769,6781367524,1223955565,4714907201,2343403607,4477340242
4,100,50,13,50,75,73,76,18,52,96,78,93,42,94,88,54,4,31,25,cat_0,cat_1,cat_0,cat_1,cat_0,cat_0,cat_2,cat_1,cat_0,cat_3,cat_3,cat_1,cat_3,cat_3,cat_3,cat_2,cat_0,cat_1,cat_3,cat_0,true,false,false,true,false,false,false,false,false,true,3446993281,8639321269,8051458871,2570362074,6036201060,7460752745,4224784309,4811000489,4373975628,1075192586
98,59,82,92,33,97,56,7,37,58,78,6,50,12,24,32,44,50,1,85,cat_3,cat_3,cat_3,cat_2,cat_1,cat_0,cat_1,cat_0,cat_2,cat_3,cat_3,cat_0,cat_3,cat_2,cat_0,cat_3,cat_3,cat_1,cat_1,cat_0,true,true,true,true,false,false,false,false,false,true,2133473100,6363693149,6034470004,5279297823,5421543253,4218406521,5734742143,5764202689,2126339483,4699521061
72,38,1,7,74,100,72,88,97,47,35,52,75,13,44,30,70,2,19,50,cat_0,cat_1,cat_1,cat_1,cat_0,cat_0,cat_2,cat_1,cat_1,cat_1,cat_3,cat_2,cat_1,cat_0,cat_3,cat_1,cat_2,cat_1,cat_3,cat_2,false,false,true,true,true,true,true,false,true,true,7122828557,3776781411,5684922640,9208798914,8613125658,7699926430,9841792787,9729439345,7352973177,5764352788
65,62,18,77,36,97,12,26,18,58,33,28,83,84,24,14,4,2,20,44,cat_3,cat_2,cat_3,cat_1,cat_3,cat_2,cat_3,cat_3,cat_3,cat_1,cat_2,cat_2,cat_0,cat_1,cat_0,cat_2,cat_3,cat_3,cat_2,cat_2,false,true,false,false,true,true,false,false,false,false,4325352005,4625623106,4595176246,4808559385,1542006247,8934713064,9392970635,2875297026,3351436882,9878143248
67,31,50,61,67,61,43,71,39,76,84,21,45,74,86,5,56,57,90,60,cat_2,cat_0,cat_3,cat_1,cat_2,cat_2,cat_2,cat_3,cat_2,cat_1,cat_0,cat_1,cat_1,cat_2,cat_3,cat_0,cat_3,cat_3,cat_1,cat_2,false,false,true,true,false,false,true,false,true,true,9696957281,2338224641,5975392841,6587215521,3566875116,7644929314,5473301731,6127780285,1036864087,7506147105
